len_group,metric,MannKendall,p,slope,Parser,Corpus
5,mDD,2,0.01121463834163,0.0,stanza,Hansard (en)
5,nDD,1,1.0528733129788749e-07,3.857925465390383e-06,stanza,Hansard (en)
5,Height,2,0.0002692905154335,0.0,stanza,Hansard (en)
5,Ratio$_{head-final}$,1,1.3057486153211784e-05,0.0,stanza,Hansard (en)
5,treeDegree,1,1.0936607175437983e-10,0.0,stanza,Hansard (en)
5,#Leaves,1,1.1199849936360804e-09,0.0,stanza,Hansard (en)
5,degreeVar,1,6.5657834724675e-10,0.0,stanza,Hansard (en)
5,degreeMean,1,0.000705772653857,0.0,stanza,Hansard (en)
5,depthVar,2,6.869210689153249e-08,0.0,stanza,Hansard (en)
5,depthMean,2,0.0001729883816508,0.0,stanza,Hansard (en)
5,d$_{head-final}$,2,0.000143807985564,0.0,stanza,Hansard (en)
5,#Crossings,1,0.0122491205814603,0.0,stanza,Hansard (en)
5,Height$_{dependency}$,0,0.5940290043811272,0.0,stanza,Hansard (en)
5,d$_{root}$,1,0.0069219113525682,0.0,stanza,Hansard (en)
5,d$_{randomTree}$,0,0.3916305495145777,0.0,stanza,Hansard (en)
10,mDD,0,0.5794773222088758,0.0,stanza,Hansard (en)
10,nDD,0,0.4159802998928059,2.377060849322114e-06,stanza,Hansard (en)
10,Height,0,0.0685512188878196,0.0,stanza,Hansard (en)
10,Ratio$_{head-final}$,1,0.0211216763364887,0.0,stanza,Hansard (en)
10,treeDegree,0,0.1205889536297804,0.0,stanza,Hansard (en)
10,#Leaves,0,0.0965528255605159,0.0,stanza,Hansard (en)
10,degreeVar,1,0.0275501384007785,0.0,stanza,Hansard (en)
10,degreeMean,0,0.5732062058845666,0.0,stanza,Hansard (en)
10,depthVar,0,0.1020607914587752,-4.5013427350847024e-08,stanza,Hansard (en)
10,depthMean,2,0.0243382514204666,0.0,stanza,Hansard (en)
10,d$_{head-final}$,0,0.171129514752828,0.0,stanza,Hansard (en)
10,#Crossings,0,0.1109168026309772,0.0,stanza,Hansard (en)
10,Height$_{dependency}$,0,0.2505170800528999,0.0,stanza,Hansard (en)
10,d$_{root}$,0,0.8153211881384885,0.0,stanza,Hansard (en)
10,d$_{randomTree}$,0,0.4058576178302837,0.0,stanza,Hansard (en)
15,mDD,0,0.6256581325281805,0.0,stanza,Hansard (en)
15,nDD,0,0.1944550446148776,-6.514419909142006e-06,stanza,Hansard (en)
15,Height,0,0.2248939683012194,0.0,stanza,Hansard (en)
15,Ratio$_{head-final}$,0,0.09154152741546,2.2768670309653683e-06,stanza,Hansard (en)
15,treeDegree,0,0.2824306417442561,0.0,stanza,Hansard (en)
15,#Leaves,0,0.1315023237153925,0.0,stanza,Hansard (en)
15,degreeVar,1,0.0087132859423655,9.091781725641924e-06,stanza,Hansard (en)
15,degreeMean,0,0.5463845780157977,0.0,stanza,Hansard (en)
15,depthVar,0,0.2280024104781612,-9.028913637652332e-06,stanza,Hansard (en)
15,depthMean,0,0.1084583063390796,-2.9949086552860037e-06,stanza,Hansard (en)
15,d$_{head-final}$,2,0.0269294631230008,0.0,stanza,Hansard (en)
15,#Crossings,0,0.9922847435885314,0.0,stanza,Hansard (en)
15,Height$_{dependency}$,0,0.2565707584548478,0.0,stanza,Hansard (en)
15,d$_{root}$,0,0.4100906990403392,0.0,stanza,Hansard (en)
15,d$_{randomTree}$,0,0.4982684177500922,0.0,stanza,Hansard (en)
20,mDD,0,0.2487028311742285,4.154240727149837e-06,stanza,Hansard (en)
20,nDD,0,0.163938074157445,-8.316076664332546e-06,stanza,Hansard (en)
20,Height,0,0.0968065175687813,0.0,stanza,Hansard (en)
20,Ratio$_{head-final}$,2,0.0147534092280239,-3.797295880128355e-06,stanza,Hansard (en)
20,treeDegree,0,0.0605706761641644,0.0,stanza,Hansard (en)
20,#Leaves,0,0.615222869798401,0.0,stanza,Hansard (en)
20,degreeVar,0,0.0908468104521069,-4.953310719708769e-06,stanza,Hansard (en)
20,degreeMean,0,0.0723580835638808,0.0,stanza,Hansard (en)
20,depthVar,1,0.0398235704851659,2.429768739855073e-05,stanza,Hansard (en)
20,depthMean,0,0.0835691619215672,1.1314873118656268e-05,stanza,Hansard (en)
20,d$_{head-final}$,0,0.2322938943234556,0.0,stanza,Hansard (en)
20,#Crossings,0,0.8743525446781917,0.0,stanza,Hansard (en)
20,Height$_{dependency}$,0,0.2816557562396449,0.0,stanza,Hansard (en)
20,d$_{root}$,0,0.1564089128184154,0.0,stanza,Hansard (en)
20,d$_{randomTree}$,0,0.7755723398723728,0.0,stanza,Hansard (en)
30,mDD,0,0.4636390415546516,-3.248634939601018e-06,stanza,Hansard (en)
30,nDD,1,0.0105407601353235,1.7547125972017946e-05,stanza,Hansard (en)
30,Height,0,0.2349061780938359,0.0,stanza,Hansard (en)
30,Ratio$_{head-final}$,0,0.1993793201577056,-1.7099039192790284e-06,stanza,Hansard (en)
30,treeDegree,2,0.0044853503157631,0.0,stanza,Hansard (en)
30,#Leaves,0,0.9355619149170378,0.0,stanza,Hansard (en)
30,degreeVar,0,0.1865819298363793,-5.083082893334044e-06,stanza,Hansard (en)
30,degreeMean,0,0.6776184435717658,0.0,stanza,Hansard (en)
30,depthVar,0,0.1204339669990472,2.6323267377177218e-05,stanza,Hansard (en)
30,depthMean,0,0.3214046811216056,8.505261111515867e-06,stanza,Hansard (en)
30,d$_{head-final}$,0,0.3122559916261951,0.0,stanza,Hansard (en)
30,#Crossings,0,0.84199629465239,0.0,stanza,Hansard (en)
30,Height$_{dependency}$,0,0.6188635344991398,0.0,stanza,Hansard (en)
30,d$_{root}$,1,0.0293267079909156,0.0,stanza,Hansard (en)
30,d$_{randomTree}$,0,0.5804010491480645,0.0,stanza,Hansard (en)
40,mDD,0,0.3563696001966006,-6.354131533404045e-06,stanza,Hansard (en)
40,nDD,0,0.1985412719054058,9.474792805466765e-06,stanza,Hansard (en)
40,Height,1,0.0006348453978008,0.0,stanza,Hansard (en)
40,Ratio$_{head-final}$,0,0.0994711084085591,-1.9452225334577907e-06,stanza,Hansard (en)
40,treeDegree,2,0.0001881724698891,0.0,stanza,Hansard (en)
40,#Leaves,0,0.6803711536769286,0.0,stanza,Hansard (en)
40,degreeVar,2,0.0023968343189766,-2.291423202951365e-05,stanza,Hansard (en)
40,degreeMean,0,0.0706016927630188,0.0,stanza,Hansard (en)
40,depthVar,1,0.0011795353603594,6.960146478479388e-05,stanza,Hansard (en)
40,depthMean,1,0.0031410861618335,3.289473684210552e-05,stanza,Hansard (en)
40,d$_{head-final}$,0,0.2195361612813422,0.0,stanza,Hansard (en)
40,#Crossings,0,0.184056397572224,0.0,stanza,Hansard (en)
40,Height$_{dependency}$,0,0.6220149501526167,0.0,stanza,Hansard (en)
40,d$_{root}$,0,0.2533471164894685,0.0,stanza,Hansard (en)
40,d$_{randomTree}$,0,0.5725405496214975,0.0,stanza,Hansard (en)
50,mDD,0,0.7934585857143779,7.93211696593925e-07,stanza,Hansard (en)
50,nDD,0,0.280075292557596,8.528573744997716e-06,stanza,Hansard (en)
50,Height,0,0.1096324632439345,0.0,stanza,Hansard (en)
50,Ratio$_{head-final}$,2,4.689244007050064e-05,-4.491317381783454e-06,stanza,Hansard (en)
50,treeDegree,2,1.7596021683941032e-05,0.0,stanza,Hansard (en)
50,#Leaves,0,0.0697914820389913,0.0,stanza,Hansard (en)
50,degreeVar,2,0.0021910335686703,-2.261543982413276e-05,stanza,Hansard (en)
50,degreeMean,0,0.5186965847225806,0.0,stanza,Hansard (en)
50,depthVar,1,0.0397461497374957,5.429324234588516e-05,stanza,Hansard (en)
50,depthMean,1,0.0026115806822692,3.701094502981311e-05,stanza,Hansard (en)
50,d$_{head-final}$,0,0.2465714824363416,0.0,stanza,Hansard (en)
50,#Crossings,0,0.7991528666963617,0.0,stanza,Hansard (en)
50,Height$_{dependency}$,0,0.5192440373436991,0.0,stanza,Hansard (en)
50,d$_{root}$,0,0.4187947074205307,0.0,stanza,Hansard (en)
50,d$_{randomTree}$,0,0.5991861097625439,0.0,stanza,Hansard (en)
60,mDD,0,0.0504518595905423,-1.6966406515100217e-05,stanza,Hansard (en)
60,nDD,0,0.0862121611058579,1.390266738754285e-05,stanza,Hansard (en)
60,Height,1,1.0973697794902648e-06,0.0,stanza,Hansard (en)
60,Ratio$_{head-final}$,2,3.9839351491322006e-05,-4.231141199226296e-06,stanza,Hansard (en)
60,treeDegree,2,2.1295464947002077e-08,0.0,stanza,Hansard (en)
60,#Leaves,0,0.1405006557583896,0.0,stanza,Hansard (en)
60,degreeVar,2,0.0001245163204015,-2.6645330465915456e-05,stanza,Hansard (en)
60,degreeMean,0,0.5324412169088151,0.0,stanza,Hansard (en)
60,depthVar,1,1.4729769182153518e-08,0.0001724772919853,stanza,Hansard (en)
60,depthMean,1,1.9567292675048972e-08,7.6385503875166e-05,stanza,Hansard (en)
60,d$_{head-final}$,0,0.2935186478677893,0.0,stanza,Hansard (en)
60,#Crossings,0,0.8099665630011004,0.0,stanza,Hansard (en)
60,Height$_{dependency}$,0,0.9453249843860584,0.0,stanza,Hansard (en)
60,d$_{root}$,0,0.3992821180710442,0.0,stanza,Hansard (en)
60,d$_{randomTree}$,0,0.8841539228881206,0.0,stanza,Hansard (en)
70,mDD,2,0.0084158430894769,-2.380560415365417e-05,stanza,Hansard (en)
70,nDD,1,0.0128726244457164,2.039213912607784e-05,stanza,Hansard (en)
70,Height,1,1.037314383278698e-07,0.0,stanza,Hansard (en)
70,Ratio$_{head-final}$,2,7.675343915991562e-09,-5.510070396956054e-06,stanza,Hansard (en)
70,treeDegree,2,0.0012607276442369,0.0,stanza,Hansard (en)
70,#Leaves,0,0.0632777371019375,0.0,stanza,Hansard (en)
70,degreeVar,2,0.0002022784616833,-2.398225313268225e-05,stanza,Hansard (en)
70,degreeMean,1,0.0129038729135126,0.0,stanza,Hansard (en)
70,depthVar,1,5.7996565994145044e-08,0.0001943071978916,stanza,Hansard (en)
70,depthMean,1,5.1966881908782625e-09,8.822132179406639e-05,stanza,Hansard (en)
70,d$_{head-final}$,1,0.0009023379763626,0.0,stanza,Hansard (en)
70,#Crossings,0,0.1550180817855626,0.0,stanza,Hansard (en)
70,Height$_{dependency}$,0,0.9790515588431103,0.0,stanza,Hansard (en)
70,d$_{root}$,0,0.2235340325084611,0.0,stanza,Hansard (en)
70,d$_{randomTree}$,0,0.6798269372127868,0.0,stanza,Hansard (en)
5,mDD,0,0.1739112438932499,0.0,biaffine,Hansard (en)
5,nDD,1,1.0548994988646144e-07,4.295461884690799e-06,biaffine,Hansard (en)
5,Height,2,2.942261589922168e-08,0.0,biaffine,Hansard (en)
5,Ratio$_{head-final}$,1,8.675345330999562e-09,0.0,biaffine,Hansard (en)
5,treeDegree,1,1.554312234475219e-14,0.0,biaffine,Hansard (en)
5,#Leaves,1,2.453592884421596e-13,0.0,biaffine,Hansard (en)
5,degreeVar,1,2.220446049250313e-15,0.0,biaffine,Hansard (en)
5,degreeMean,1,0.000705772653857,0.0,biaffine,Hansard (en)
5,depthVar,2,5.105027511831395e-12,0.0,biaffine,Hansard (en)
5,depthMean,2,2.808902621609377e-08,0.0,biaffine,Hansard (en)
5,d$_{head-final}$,2,5.905520072957415e-09,0.0,biaffine,Hansard (en)
5,#Crossings,0,0.8349487961351136,0.0,biaffine,Hansard (en)
5,Height$_{dependency}$,0,0.5328348501099764,0.0,biaffine,Hansard (en)
5,d$_{root}$,1,0.0311372214920033,0.0,biaffine,Hansard (en)
5,d$_{randomTree}$,0,0.8751174210301287,0.0,biaffine,Hansard (en)
10,mDD,0,0.957380486554555,0.0,biaffine,Hansard (en)
10,nDD,0,0.7044322233984759,0.0,biaffine,Hansard (en)
10,Height,2,0.0171197124411677,0.0,biaffine,Hansard (en)
10,Ratio$_{head-final}$,1,0.0076423469044346,6.773782944631827e-20,biaffine,Hansard (en)
10,treeDegree,0,0.1138569830426139,0.0,biaffine,Hansard (en)
10,#Leaves,0,0.1304457263018172,0.0,biaffine,Hansard (en)
10,degreeVar,1,0.0174879491777646,0.0,biaffine,Hansard (en)
10,degreeMean,0,0.5692016902521557,0.0,biaffine,Hansard (en)
10,depthVar,2,0.0245374618642195,-4.268199116687485e-06,biaffine,Hansard (en)
10,depthMean,2,0.0043298414108006,-4.985964524902642e-06,biaffine,Hansard (en)
10,d$_{head-final}$,2,0.0456191549050171,0.0,biaffine,Hansard (en)
10,#Crossings,0,0.0939964401651112,0.0,biaffine,Hansard (en)
10,Height$_{dependency}$,0,0.0630114684273923,0.0,biaffine,Hansard (en)
10,d$_{root}$,0,0.910790051479766,0.0,biaffine,Hansard (en)
10,d$_{randomTree}$,0,0.9381271751851484,0.0,biaffine,Hansard (en)
15,mDD,0,0.2493547708721282,0.0,biaffine,Hansard (en)
15,nDD,0,0.1347660658133938,-7.8218901952737e-06,biaffine,Hansard (en)
15,Height,0,0.1917850086318653,0.0,biaffine,Hansard (en)
15,Ratio$_{head-final}$,1,0.0363541852795163,3.110903717529937e-06,biaffine,Hansard (en)
15,treeDegree,0,0.3366141420471247,0.0,biaffine,Hansard (en)
15,#Leaves,0,0.054024862411653,0.0,biaffine,Hansard (en)
15,degreeVar,1,0.0061520744531096,9.689794394885412e-06,biaffine,Hansard (en)
15,degreeMean,0,0.565394614090764,0.0,biaffine,Hansard (en)
15,depthVar,0,0.1680403542089208,-1.0297600503770546e-05,biaffine,Hansard (en)
15,depthMean,2,0.0264274330001494,-8.692779777117137e-06,biaffine,Hansard (en)
15,d$_{head-final}$,2,0.0061990242517577,0.0,biaffine,Hansard (en)
15,#Crossings,0,0.2529259597167002,0.0,biaffine,Hansard (en)
15,Height$_{dependency}$,0,0.4693862648728968,0.0,biaffine,Hansard (en)
15,d$_{root}$,0,0.4816408867006669,0.0,biaffine,Hansard (en)
15,d$_{randomTree}$,0,0.1007662009628271,0.0,biaffine,Hansard (en)
20,mDD,0,0.5850198444064143,0.0,biaffine,Hansard (en)
20,nDD,0,0.5508216281639728,-3.3364649436654644e-06,biaffine,Hansard (en)
20,Height,1,0.0435595529509675,0.0,biaffine,Hansard (en)
20,Ratio$_{head-final}$,2,0.0467069494444152,-2.958623648278862e-06,biaffine,Hansard (en)
20,treeDegree,0,0.0779291546047864,0.0,biaffine,Hansard (en)
20,#Leaves,0,0.8296091585619412,0.0,biaffine,Hansard (en)
20,degreeVar,0,0.0784059259709295,-5.284507691728188e-06,biaffine,Hansard (en)
20,degreeMean,0,0.078370832602518,0.0,biaffine,Hansard (en)
20,depthVar,1,0.0244652903190205,2.6387287951013734e-05,biaffine,Hansard (en)
20,depthMean,0,0.1012918705302352,9.769727522299368e-06,biaffine,Hansard (en)
20,d$_{head-final}$,0,0.1793394211030088,0.0,biaffine,Hansard (en)
20,#Crossings,0,0.215815952209825,0.0,biaffine,Hansard (en)
20,Height$_{dependency}$,0,0.2961796492958717,0.0,biaffine,Hansard (en)
20,d$_{root}$,0,0.5486050736991417,0.0,biaffine,Hansard (en)
20,d$_{randomTree}$,0,0.937563262968097,0.0,biaffine,Hansard (en)
30,mDD,0,0.3079128248914013,-6.050031368960591e-06,biaffine,Hansard (en)
30,nDD,1,0.0165611859025673,1.6720830655228197e-05,biaffine,Hansard (en)
30,Height,0,0.1534816591063261,0.0,biaffine,Hansard (en)
30,Ratio$_{head-final}$,0,0.1407081054935177,-1.963093835885298e-06,biaffine,Hansard (en)
30,treeDegree,2,0.0020757988509392,0.0,biaffine,Hansard (en)
30,#Leaves,0,0.5544034355156049,0.0,biaffine,Hansard (en)
30,degreeVar,0,0.13863778928063,-5.921648338233508e-06,biaffine,Hansard (en)
30,degreeMean,0,0.6644499635228323,0.0,biaffine,Hansard (en)
30,depthVar,0,0.1066304178721708,2.7350328636623425e-05,biaffine,Hansard (en)
30,depthMean,0,0.1436415758600255,1.3654578738255666e-05,biaffine,Hansard (en)
30,d$_{head-final}$,1,0.0496180598631037,0.0,biaffine,Hansard (en)
30,#Crossings,0,0.525287325636995,0.0,biaffine,Hansard (en)
30,Height$_{dependency}$,0,0.2529165160316222,0.0,biaffine,Hansard (en)
30,d$_{root}$,0,0.0813888533172699,0.0,biaffine,Hansard (en)
30,d$_{randomTree}$,0,0.8228946063964149,0.0,biaffine,Hansard (en)
40,mDD,0,0.4018406524497451,-5.481277718435421e-06,biaffine,Hansard (en)
40,nDD,0,0.1260061283314233,1.1491021180492404e-05,biaffine,Hansard (en)
40,Height,1,0.0020435227699728,0.0,biaffine,Hansard (en)
40,Ratio$_{head-final}$,0,0.2508888919471563,-1.3416174361112363e-06,biaffine,Hansard (en)
40,treeDegree,0,0.144420977785004,0.0,biaffine,Hansard (en)
40,#Leaves,0,0.6783903666820721,0.0,biaffine,Hansard (en)
40,degreeVar,0,0.241715445573496,-5.605059354442859e-06,biaffine,Hansard (en)
40,degreeMean,0,0.080075157402637,0.0,biaffine,Hansard (en)
40,depthVar,1,0.0022872198527785,6.23373470668161e-05,biaffine,Hansard (en)
40,depthMean,1,0.0108848105228709,2.7940603233205524e-05,biaffine,Hansard (en)
40,d$_{head-final}$,0,0.5436935835343237,0.0,biaffine,Hansard (en)
40,#Crossings,2,0.0006545736002252,0.0,biaffine,Hansard (en)
40,Height$_{dependency}$,0,0.96630137858882,0.0,biaffine,Hansard (en)
40,d$_{root}$,0,0.202427858826258,0.0,biaffine,Hansard (en)
40,d$_{randomTree}$,0,0.6959629194590642,0.0,biaffine,Hansard (en)
50,mDD,0,0.8157435005153024,4.614263595355126e-07,biaffine,Hansard (en)
50,nDD,0,0.3359687991799034,7.731346249885498e-06,biaffine,Hansard (en)
50,Height,0,0.8461951576563382,0.0,biaffine,Hansard (en)
50,Ratio$_{head-final}$,2,0.0001446701552525,-4.136353982109131e-06,biaffine,Hansard (en)
50,treeDegree,2,0.0008498635174247,0.0,biaffine,Hansard (en)
50,#Leaves,2,0.0127804941635292,0.0,biaffine,Hansard (en)
50,degreeVar,2,0.0491583611082477,-1.3263109573531184e-05,biaffine,Hansard (en)
50,degreeMean,0,0.5611270667056338,0.0,biaffine,Hansard (en)
50,depthVar,0,0.5719176420399057,1.3788011022943713e-05,biaffine,Hansard (en)
50,depthMean,0,0.0615853210506163,2.234736748011086e-05,biaffine,Hansard (en)
50,d$_{head-final}$,0,0.1892963553194171,0.0,biaffine,Hansard (en)
50,#Crossings,0,0.2364879791079863,0.0,biaffine,Hansard (en)
50,Height$_{dependency}$,0,0.9983765307087418,0.0,biaffine,Hansard (en)
50,d$_{root}$,0,0.4242186191919883,0.0,biaffine,Hansard (en)
50,d$_{randomTree}$,0,0.4898345061041309,0.0,biaffine,Hansard (en)
60,mDD,0,0.3167917458234024,-8.635205733776707e-06,biaffine,Hansard (en)
60,nDD,0,0.1086835581604106,1.3163605644972014e-05,biaffine,Hansard (en)
60,Height,1,0.0001654922008382,0.0,biaffine,Hansard (en)
60,Ratio$_{head-final}$,2,0.0112389191136172,-2.5334142924812976e-06,biaffine,Hansard (en)
60,treeDegree,2,2.2318497009621296e-05,0.0,biaffine,Hansard (en)
60,#Leaves,2,0.033869708343637,0.0,biaffine,Hansard (en)
60,degreeVar,2,0.0115480306717801,-1.6462191640087587e-05,biaffine,Hansard (en)
60,degreeMean,0,0.5340272491019471,0.0,biaffine,Hansard (en)
60,depthVar,1,3.680371423619988e-06,0.0001276489764812,biaffine,Hansard (en)
60,depthMean,1,1.1061564109127177e-07,6.85573546338665e-05,biaffine,Hansard (en)
60,d$_{head-final}$,0,0.3760724448386319,0.0,biaffine,Hansard (en)
60,#Crossings,0,0.1835493325239585,0.0,biaffine,Hansard (en)
60,Height$_{dependency}$,0,0.7464062883776934,0.0,biaffine,Hansard (en)
60,d$_{root}$,0,0.3135366639895174,0.0,biaffine,Hansard (en)
60,d$_{randomTree}$,0,0.2908262134345358,0.0,biaffine,Hansard (en)
70,mDD,2,0.0152843836534115,-2.204121174203772e-05,biaffine,Hansard (en)
70,nDD,0,0.0535551133941885,1.6207059040935585e-05,biaffine,Hansard (en)
70,Height,1,2.862709047590784e-07,0.0,biaffine,Hansard (en)
70,Ratio$_{head-final}$,2,5.511917966494195e-08,-5.106318984920343e-06,biaffine,Hansard (en)
70,treeDegree,2,0.0429513238042453,0.0,biaffine,Hansard (en)
70,#Leaves,2,0.0255571623526982,0.0,biaffine,Hansard (en)
70,degreeVar,2,0.0011664511063063,-1.9884672409147108e-05,biaffine,Hansard (en)
70,degreeMean,1,0.0132310311234509,0.0,biaffine,Hansard (en)
70,depthVar,1,5.217907397270238e-07,0.0001512226351533,biaffine,Hansard (en)
70,depthMean,1,6.410427744185654e-11,9.054766545170084e-05,biaffine,Hansard (en)
70,d$_{head-final}$,0,0.0992671997469478,0.0,biaffine,Hansard (en)
70,#Crossings,2,0.0064654742455176,0.0,biaffine,Hansard (en)
70,Height$_{dependency}$,0,0.6540351465918304,0.0,biaffine,Hansard (en)
70,d$_{root}$,0,0.4530881752322819,0.0,biaffine,Hansard (en)
70,d$_{randomTree}$,0,0.6163424831642472,0.0,biaffine,Hansard (en)
5,mDD,0,0.3799445140665871,0.0,corenlp,Hansard (en)
5,nDD,1,5.92700676760316e-07,0.0,corenlp,Hansard (en)
5,Height,2,6.851027447418723e-05,0.0,corenlp,Hansard (en)
5,Ratio$_{head-final}$,1,0.0125050087689559,0.0,corenlp,Hansard (en)
5,treeDegree,1,6.587386192080658e-10,0.0,corenlp,Hansard (en)
5,#Leaves,1,1.2842371610588543e-10,0.0,corenlp,Hansard (en)
5,degreeVar,1,5.965228311310966e-12,0.0,corenlp,Hansard (en)
5,degreeMean,1,0.0004002065258725,0.0,corenlp,Hansard (en)
5,depthVar,2,3.1317683690801346e-07,0.0,corenlp,Hansard (en)
5,depthMean,2,0.0007362176362966,0.0,corenlp,Hansard (en)
5,d$_{head-final}$,2,0.0008217003251116,0.0,corenlp,Hansard (en)
5,#Crossings,0,1.0,0.0,corenlp,Hansard (en)
5,Height$_{dependency}$,0,0.5352489480569436,0.0,corenlp,Hansard (en)
5,d$_{root}$,0,0.1482593241395582,0.0,corenlp,Hansard (en)
5,d$_{randomTree}$,0,0.3842084218156505,0.0,corenlp,Hansard (en)
10,mDD,0,0.5168460525884131,0.0,corenlp,Hansard (en)
10,nDD,0,0.2996138225143712,-3.516200460957169e-06,corenlp,Hansard (en)
10,Height,0,0.7857710831970159,0.0,corenlp,Hansard (en)
10,Ratio$_{head-final}$,0,0.2959161687562079,0.0,corenlp,Hansard (en)
10,treeDegree,0,0.3156985471360378,0.0,corenlp,Hansard (en)
10,#Leaves,0,0.0964120541010449,0.0,corenlp,Hansard (en)
10,degreeVar,0,0.1359318457512079,0.0,corenlp,Hansard (en)
10,degreeMean,0,0.6152334994985043,0.0,corenlp,Hansard (en)
10,depthVar,0,0.9385804211119562,0.0,corenlp,Hansard (en)
10,depthMean,0,0.7627237300718654,0.0,corenlp,Hansard (en)
10,d$_{head-final}$,0,0.3059121708339081,0.0,corenlp,Hansard (en)
10,#Crossings,0,1.0,0.0,corenlp,Hansard (en)
10,Height$_{dependency}$,2,0.0381402651804529,0.0,corenlp,Hansard (en)
10,d$_{root}$,2,0.049077481533184,0.0,corenlp,Hansard (en)
10,d$_{randomTree}$,0,0.4333559816999008,0.0,corenlp,Hansard (en)
15,mDD,0,0.3482058347339292,0.0,corenlp,Hansard (en)
15,nDD,0,0.0587650996761797,-1.0269667106721703e-05,corenlp,Hansard (en)
15,Height,0,0.6941981288279389,0.0,corenlp,Hansard (en)
15,Ratio$_{head-final}$,0,0.8588465990277343,0.0,corenlp,Hansard (en)
15,treeDegree,0,0.5669765556781474,0.0,corenlp,Hansard (en)
15,#Leaves,0,0.1060941205966341,0.0,corenlp,Hansard (en)
15,degreeVar,1,0.0237967252819697,7.850298337460448e-06,corenlp,Hansard (en)
15,degreeMean,0,0.5440151488591689,0.0,corenlp,Hansard (en)
15,depthVar,0,0.975075204335838,0.0,corenlp,Hansard (en)
15,depthMean,0,0.7506736383123935,0.0,corenlp,Hansard (en)
15,d$_{head-final}$,0,0.1030500364203979,0.0,corenlp,Hansard (en)
15,#Crossings,0,1.0,0.0,corenlp,Hansard (en)
15,Height$_{dependency}$,0,0.7244954726627992,0.0,corenlp,Hansard (en)
15,d$_{root}$,0,0.3601802271533503,0.0,corenlp,Hansard (en)
15,d$_{randomTree}$,0,0.2780861959120231,0.0,corenlp,Hansard (en)
20,mDD,0,0.1813539901976297,5.696739757501593e-06,corenlp,Hansard (en)
20,nDD,0,0.1762514737187497,-8.260803428827604e-06,corenlp,Hansard (en)
20,Height,1,0.0440779706368119,0.0,corenlp,Hansard (en)
20,Ratio$_{head-final}$,2,0.0002145506007702,-5.6306306306306654e-06,corenlp,Hansard (en)
20,treeDegree,0,0.1915585957221925,0.0,corenlp,Hansard (en)
20,#Leaves,0,0.758904380725892,0.0,corenlp,Hansard (en)
20,degreeVar,0,0.356801471232314,-3.043791705620717e-19,corenlp,Hansard (en)
20,degreeMean,0,0.0938042111008823,0.0,corenlp,Hansard (en)
20,depthVar,1,0.0218969760021288,2.7971204469749204e-05,corenlp,Hansard (en)
20,depthMean,1,0.0347145396661847,1.6805206207661128e-05,corenlp,Hansard (en)
20,d$_{head-final}$,0,0.1122764226667161,0.0,corenlp,Hansard (en)
20,#Crossings,0,1.0,0.0,corenlp,Hansard (en)
20,Height$_{dependency}$,0,0.1728243817539447,0.0,corenlp,Hansard (en)
20,d$_{root}$,0,0.160883014013287,0.0,corenlp,Hansard (en)
20,d$_{randomTree}$,0,0.4816149639199842,0.0,corenlp,Hansard (en)
30,mDD,0,0.1351956933302998,-1.0538539108189236e-05,corenlp,Hansard (en)
30,nDD,1,0.0371262925580486,1.4257662271481485e-05,corenlp,Hansard (en)
30,Height,1,0.0274996950208674,0.0,corenlp,Hansard (en)
30,Ratio$_{head-final}$,2,0.0006810383575628,-4.524068041983432e-06,corenlp,Hansard (en)
30,treeDegree,2,0.002861084740779,0.0,corenlp,Hansard (en)
30,#Leaves,0,0.4292126533244254,0.0,corenlp,Hansard (en)
30,degreeVar,0,0.118713170105331,-7.76141360712682e-06,corenlp,Hansard (en)
30,degreeMean,0,0.5806987203050618,0.0,corenlp,Hansard (en)
30,depthVar,1,0.0271650760133577,4.243295260600457e-05,corenlp,Hansard (en)
30,depthMean,1,0.034371525919109,2.370516464435411e-05,corenlp,Hansard (en)
30,d$_{head-final}$,0,0.1187968659816174,0.0,corenlp,Hansard (en)
30,#Crossings,0,1.0,0.0,corenlp,Hansard (en)
30,Height$_{dependency}$,0,0.4746278802242802,0.0,corenlp,Hansard (en)
30,d$_{root}$,0,0.1450603676595916,0.0,corenlp,Hansard (en)
30,d$_{randomTree}$,0,0.9072533458709786,0.0,corenlp,Hansard (en)
40,mDD,0,0.5420067090625793,3.3058422796983138e-06,corenlp,Hansard (en)
40,nDD,0,0.6572800218462254,-3.1776597974731787e-06,corenlp,Hansard (en)
40,Height,1,0.0318372653349601,0.0,corenlp,Hansard (en)
40,Ratio$_{head-final}$,2,0.0117038561034237,-3.0056685364343382e-06,corenlp,Hansard (en)
40,treeDegree,2,0.0319243086805172,0.0,corenlp,Hansard (en)
40,#Leaves,0,0.1861178405283485,0.0,corenlp,Hansard (en)
40,degreeVar,2,0.0265626732108648,-1.686537830497778e-05,corenlp,Hansard (en)
40,degreeMean,0,0.1214660765868878,0.0,corenlp,Hansard (en)
40,depthVar,1,0.0429634801345508,5.1184725529849486e-05,corenlp,Hansard (en)
40,depthMean,0,0.0610806155231054,2.515559922105489e-05,corenlp,Hansard (en)
40,d$_{head-final}$,0,0.2124441617314452,0.0,corenlp,Hansard (en)
40,#Crossings,0,1.0,0.0,corenlp,Hansard (en)
40,Height$_{dependency}$,0,0.7574793816421406,0.0,corenlp,Hansard (en)
40,d$_{root}$,0,0.7357208688500263,0.0,corenlp,Hansard (en)
40,d$_{randomTree}$,0,0.6996721661219476,0.0,corenlp,Hansard (en)
50,mDD,0,0.2789919720777956,8.712774670221414e-06,corenlp,Hansard (en)
50,nDD,0,0.6361942154247595,-3.5415180524492287e-06,corenlp,Hansard (en)
50,Height,1,0.0156464725525014,0.0,corenlp,Hansard (en)
50,Ratio$_{head-final}$,2,3.341954620705856e-05,-4.617237269847366e-06,corenlp,Hansard (en)
50,treeDegree,2,0.0103739600838075,0.0,corenlp,Hansard (en)
50,#Leaves,0,0.2033152573276635,0.0,corenlp,Hansard (en)
50,degreeVar,0,0.07704866639148,-1.2963086546156033e-05,corenlp,Hansard (en)
50,degreeMean,0,0.5402790301196208,0.0,corenlp,Hansard (en)
50,depthVar,1,0.0109853315799206,8.559679256411843e-05,corenlp,Hansard (en)
50,depthMean,1,0.0001018670499197,6.167129201356788e-05,corenlp,Hansard (en)
50,d$_{head-final}$,0,0.1536156014132792,0.0,corenlp,Hansard (en)
50,#Crossings,0,1.0,0.0,corenlp,Hansard (en)
50,Height$_{dependency}$,1,0.0328326125289781,0.0,corenlp,Hansard (en)
50,d$_{root}$,0,0.6605976991954547,0.0,corenlp,Hansard (en)
50,d$_{randomTree}$,0,0.3280711424260696,0.0,corenlp,Hansard (en)
60,mDD,0,0.3061244811861119,-8.560520634029767e-06,corenlp,Hansard (en)
60,nDD,0,0.538804324356829,4.644534584176848e-06,corenlp,Hansard (en)
60,Height,1,7.310819319283901e-05,0.0,corenlp,Hansard (en)
60,Ratio$_{head-final}$,2,2.1507181147129018e-08,-5.728701280185839e-06,corenlp,Hansard (en)
60,treeDegree,2,1.9315696325961085e-05,0.0,corenlp,Hansard (en)
60,#Leaves,2,0.0327181355338757,0.0,corenlp,Hansard (en)
60,degreeVar,2,0.0005317201209085,-2.4036565051525465e-05,corenlp,Hansard (en)
60,degreeMean,0,0.7457518521703814,0.0,corenlp,Hansard (en)
60,depthVar,1,1.841046553607839e-05,0.0001810740568374,corenlp,Hansard (en)
60,depthMean,1,1.6444847916741168e-06,8.9952970494784e-05,corenlp,Hansard (en)
60,d$_{head-final}$,1,0.0142770144414234,0.0,corenlp,Hansard (en)
60,#Crossings,0,1.0,0.0,corenlp,Hansard (en)
60,Height$_{dependency}$,0,0.7581077485655641,0.0,corenlp,Hansard (en)
60,d$_{root}$,0,0.7512729670291802,0.0,corenlp,Hansard (en)
60,d$_{randomTree}$,0,0.5345227353962094,0.0,corenlp,Hansard (en)
70,mDD,2,0.0215634582006702,-2.0309894351356023e-05,corenlp,Hansard (en)
70,nDD,0,0.988677208765419,3.1698132094789074e-08,corenlp,Hansard (en)
70,Height,1,1.2157165716342178e-06,0.0,corenlp,Hansard (en)
70,Ratio$_{head-final}$,2,2.70145910086228e-08,-5.297732570459744e-06,corenlp,Hansard (en)
70,treeDegree,2,0.0014101868803277,0.0,corenlp,Hansard (en)
70,#Leaves,2,0.0421814231355022,0.0,corenlp,Hansard (en)
70,degreeVar,2,0.0006359243941367,-2.225792049766764e-05,corenlp,Hansard (en)
70,degreeMean,1,0.006814584961357,0.0,corenlp,Hansard (en)
70,depthVar,1,7.289679018196438e-07,0.0002532833431006,corenlp,Hansard (en)
70,depthMean,1,4.36923386359922e-10,0.0001344870651892,corenlp,Hansard (en)
70,d$_{head-final}$,1,0.007132017175806,0.0,corenlp,Hansard (en)
70,#Crossings,0,1.0,0.0,corenlp,Hansard (en)
70,Height$_{dependency}$,0,0.862012866561471,0.0,corenlp,Hansard (en)
70,d$_{root}$,0,0.2984959614978133,0.0,corenlp,Hansard (en)
70,d$_{randomTree}$,0,0.7022912424918757,0.0,corenlp,Hansard (en)
5,mDD,0,0.1063561061484152,0.0,stackpointer,Hansard (en)
5,nDD,1,5.420117288323922e-08,4.5304595180733175e-06,stackpointer,Hansard (en)
5,Height,2,1.2680039753742989e-06,0.0,stackpointer,Hansard (en)
5,Ratio$_{head-final}$,1,4.882862114641284e-09,0.0,stackpointer,Hansard (en)
5,treeDegree,1,1.5298873279334657e-13,0.0,stackpointer,Hansard (en)
5,#Leaves,1,3.1325564364692577e-10,0.0,stackpointer,Hansard (en)
5,degreeVar,1,1.6853185513809876e-13,0.0,stackpointer,Hansard (en)
5,degreeMean,1,0.0007054693695118,0.0,stackpointer,Hansard (en)
5,depthVar,2,9.36051236521962e-12,0.0,stackpointer,Hansard (en)
5,depthMean,2,1.6573136640829492e-08,0.0,stackpointer,Hansard (en)
5,d$_{head-final}$,2,1.122914228268712e-08,0.0,stackpointer,Hansard (en)
5,#Crossings,0,0.867660491809193,0.0,stackpointer,Hansard (en)
5,Height$_{dependency}$,0,0.7333715362447233,0.0,stackpointer,Hansard (en)
5,d$_{root}$,0,0.0920733705451579,0.0,stackpointer,Hansard (en)
5,d$_{randomTree}$,0,0.280473162604955,0.0,stackpointer,Hansard (en)
10,mDD,0,0.6631989099028532,0.0,stackpointer,Hansard (en)
10,nDD,0,0.8847763069507637,0.0,stackpointer,Hansard (en)
10,Height,0,0.2768232103159767,0.0,stackpointer,Hansard (en)
10,Ratio$_{head-final}$,0,0.1238226329573215,0.0,stackpointer,Hansard (en)
10,treeDegree,0,0.1658672745847906,0.0,stackpointer,Hansard (en)
10,#Leaves,0,0.2231755421429024,0.0,stackpointer,Hansard (en)
10,degreeVar,0,0.0682690351198245,0.0,stackpointer,Hansard (en)
10,degreeMean,0,0.5843765005638797,0.0,stackpointer,Hansard (en)
10,depthVar,0,0.2684965422633301,0.0,stackpointer,Hansard (en)
10,depthMean,0,0.0742396851314939,0.0,stackpointer,Hansard (en)
10,d$_{head-final}$,0,0.6024208200769621,0.0,stackpointer,Hansard (en)
10,#Crossings,0,0.5655014204385571,0.0,stackpointer,Hansard (en)
10,Height$_{dependency}$,2,0.0366892268759011,0.0,stackpointer,Hansard (en)
10,d$_{root}$,0,0.5562286638377356,0.0,stackpointer,Hansard (en)
10,d$_{randomTree}$,0,0.3095732976016951,0.0,stackpointer,Hansard (en)
15,mDD,0,0.658821379576253,0.0,stackpointer,Hansard (en)
15,nDD,2,0.0061525636940016,-1.4161869574245152e-05,stackpointer,Hansard (en)
15,Height,0,0.6399102763348183,0.0,stackpointer,Hansard (en)
15,Ratio$_{head-final}$,0,0.149342054214101,1.79182573779527e-06,stackpointer,Hansard (en)
15,treeDegree,0,0.326902563309484,0.0,stackpointer,Hansard (en)
15,#Leaves,0,0.4995577229674808,0.0,stackpointer,Hansard (en)
15,degreeVar,1,0.0230006811811975,5.637786250029708e-06,stackpointer,Hansard (en)
15,degreeMean,0,0.5714205711409039,0.0,stackpointer,Hansard (en)
15,depthVar,0,0.7621057796950257,-2.4187865460243064e-19,stackpointer,Hansard (en)
15,depthMean,0,0.4929403318474934,0.0,stackpointer,Hansard (en)
15,d$_{head-final}$,0,0.2051822486919554,0.0,stackpointer,Hansard (en)
15,#Crossings,0,0.1171811933926134,0.0,stackpointer,Hansard (en)
15,Height$_{dependency}$,0,0.2468249143207868,0.0,stackpointer,Hansard (en)
15,d$_{root}$,2,0.0162851010074325,0.0,stackpointer,Hansard (en)
15,d$_{randomTree}$,2,0.041605508646495,0.0,stackpointer,Hansard (en)
20,mDD,0,0.3489662759398673,0.0,stackpointer,Hansard (en)
20,nDD,0,0.0936238900386006,-9.741691747926873e-06,stackpointer,Hansard (en)
20,Height,1,0.0065443877277784,0.0,stackpointer,Hansard (en)
20,Ratio$_{head-final}$,0,0.1346919051088473,-2.2231114668091158e-06,stackpointer,Hansard (en)
20,treeDegree,2,0.0166334913057852,0.0,stackpointer,Hansard (en)
20,#Leaves,0,0.9524894000136016,0.0,stackpointer,Hansard (en)
20,degreeVar,2,0.0484131722063703,-7.014400864408124e-06,stackpointer,Hansard (en)
20,degreeMean,0,0.0670894755338946,0.0,stackpointer,Hansard (en)
20,depthVar,1,0.010573154899377,3.132796219848397e-05,stackpointer,Hansard (en)
20,depthMean,1,0.0268972743432904,1.660357308892868e-05,stackpointer,Hansard (en)
20,d$_{head-final}$,0,0.1697653367041485,0.0,stackpointer,Hansard (en)
20,#Crossings,0,0.6123520356915628,0.0,stackpointer,Hansard (en)
20,Height$_{dependency}$,0,0.2067740953417796,0.0,stackpointer,Hansard (en)
20,d$_{root}$,0,0.091131986570178,0.0,stackpointer,Hansard (en)
20,d$_{randomTree}$,0,0.7048868253945135,0.0,stackpointer,Hansard (en)
30,mDD,0,0.0713795866908104,-1.2323770087745198e-05,stackpointer,Hansard (en)
30,nDD,1,0.0101095759469398,1.7564278060384186e-05,stackpointer,Hansard (en)
30,Height,1,0.0145321110512144,0.0,stackpointer,Hansard (en)
30,Ratio$_{head-final}$,2,0.0190233663320991,-3.256314418393872e-06,stackpointer,Hansard (en)
30,treeDegree,2,0.0036787445128361,0.0,stackpointer,Hansard (en)
30,#Leaves,0,0.2492180151251259,0.0,stackpointer,Hansard (en)
30,degreeVar,0,0.1021028285932545,-6.91653728325548e-06,stackpointer,Hansard (en)
30,degreeMean,0,0.7254601690161651,0.0,stackpointer,Hansard (en)
30,depthVar,1,0.0148977057290242,4.1957572502685136e-05,stackpointer,Hansard (en)
30,depthMean,1,0.0118143715289773,2.3704377961565757e-05,stackpointer,Hansard (en)
30,d$_{head-final}$,1,0.0051489069681691,0.0,stackpointer,Hansard (en)
30,#Crossings,0,0.1041580023505461,0.0,stackpointer,Hansard (en)
30,Height$_{dependency}$,0,0.2679711026711608,0.0,stackpointer,Hansard (en)
30,d$_{root}$,0,0.0946015395216381,0.0,stackpointer,Hansard (en)
30,d$_{randomTree}$,0,0.2982399315865045,0.0,stackpointer,Hansard (en)
40,mDD,0,0.0641720051712155,-1.361841209314989e-05,stackpointer,Hansard (en)
40,nDD,0,0.160434622257148,1.0430179877517504e-05,stackpointer,Hansard (en)
40,Height,1,3.090760449242502e-05,0.0,stackpointer,Hansard (en)
40,Ratio$_{head-final}$,0,0.1433483701484479,-1.835042045128188e-06,stackpointer,Hansard (en)
40,treeDegree,2,0.0476895920927069,0.0,stackpointer,Hansard (en)
40,#Leaves,0,0.4134617357874681,0.0,stackpointer,Hansard (en)
40,degreeVar,2,0.0480093622823349,-1.3196227686799292e-05,stackpointer,Hansard (en)
40,degreeMean,0,0.0627261338825595,0.0,stackpointer,Hansard (en)
40,depthVar,1,1.9953544587059117e-05,8.795436165419095e-05,stackpointer,Hansard (en)
40,depthMean,1,1.2539846327097592e-05,4.6430684060675225e-05,stackpointer,Hansard (en)
40,d$_{head-final}$,1,0.0371572691844241,0.0,stackpointer,Hansard (en)
40,#Crossings,0,1.0,0.0,stackpointer,Hansard (en)
40,Height$_{dependency}$,0,0.306742154571578,0.0,stackpointer,Hansard (en)
40,d$_{root}$,0,0.3606374916862587,0.0,stackpointer,Hansard (en)
40,d$_{randomTree}$,0,0.2467996133162557,0.0,stackpointer,Hansard (en)
50,mDD,2,0.0152164483474965,-2.0146173297278464e-05,stackpointer,Hansard (en)
50,nDD,0,0.1426559572087298,1.1921362845960985e-05,stackpointer,Hansard (en)
50,Height,1,0.0016074730246711,0.0,stackpointer,Hansard (en)
50,Ratio$_{head-final}$,2,1.944723273528126e-06,-5.658244994529174e-06,stackpointer,Hansard (en)
50,treeDegree,2,0.0002166133492274,0.0,stackpointer,Hansard (en)
50,#Leaves,0,0.090515200008,0.0,stackpointer,Hansard (en)
50,degreeVar,2,0.0034540094593409,-2.1265279815865744e-05,stackpointer,Hansard (en)
50,degreeMean,0,0.5561673161391245,0.0,stackpointer,Hansard (en)
50,depthVar,1,0.0002314025168261,9.23754876835064e-05,stackpointer,Hansard (en)
50,depthMean,1,1.3358909698446553e-06,5.916971881437564e-05,stackpointer,Hansard (en)
50,d$_{head-final}$,1,0.0006061763469886,0.0,stackpointer,Hansard (en)
50,#Crossings,0,0.8868215277143467,0.0,stackpointer,Hansard (en)
50,Height$_{dependency}$,0,0.3825449676101997,0.0,stackpointer,Hansard (en)
50,d$_{root}$,0,0.5420328873991223,0.0,stackpointer,Hansard (en)
50,d$_{randomTree}$,0,0.3760113651104411,0.0,stackpointer,Hansard (en)
60,mDD,2,0.0284969123529059,-2.0832893754546805e-05,stackpointer,Hansard (en)
60,nDD,0,0.1330064123561924,1.3940331792526835e-05,stackpointer,Hansard (en)
60,Height,1,0.0002778470166473,0.0,stackpointer,Hansard (en)
60,Ratio$_{head-final}$,2,2.63854913038486e-05,-5.052720732135343e-06,stackpointer,Hansard (en)
60,treeDegree,2,1.385493876071564e-05,0.0,stackpointer,Hansard (en)
60,#Leaves,0,0.1476514879665886,0.0,stackpointer,Hansard (en)
60,degreeVar,2,0.0005615138968597,-2.6985236295041893e-05,stackpointer,Hansard (en)
60,degreeMean,0,0.469737810616071,0.0,stackpointer,Hansard (en)
60,depthVar,1,1.963885883871086e-05,0.0001231294556062,stackpointer,Hansard (en)
60,depthMean,1,1.0342311771438515e-06,6.579329887600546e-05,stackpointer,Hansard (en)
60,d$_{head-final}$,1,0.010607772938052,0.0,stackpointer,Hansard (en)
60,#Crossings,0,0.0936309909849653,0.0,stackpointer,Hansard (en)
60,Height$_{dependency}$,0,0.5193457573275968,0.0,stackpointer,Hansard (en)
60,d$_{root}$,0,0.5781036924503695,0.0,stackpointer,Hansard (en)
60,d$_{randomTree}$,0,0.9255172515190612,0.0,stackpointer,Hansard (en)
70,mDD,2,0.0002974903391992,-4.057045369772759e-05,stackpointer,Hansard (en)
70,nDD,1,0.0457640551583711,2.0197788812810464e-05,stackpointer,Hansard (en)
70,Height,1,8.143620444656109e-08,0.0,stackpointer,Hansard (en)
70,Ratio$_{head-final}$,2,1.6431300764452317e-14,-9.12428463448874e-06,stackpointer,Hansard (en)
70,treeDegree,2,0.0012439678761015,0.0,stackpointer,Hansard (en)
70,#Leaves,0,0.1987579716200234,0.0,stackpointer,Hansard (en)
70,degreeVar,2,9.00469724873787e-05,-3.103432781051885e-05,stackpointer,Hansard (en)
70,degreeMean,1,0.0363039310255353,0.0,stackpointer,Hansard (en)
70,depthVar,1,1.5538202502440868e-08,0.0001841598784415,stackpointer,Hansard (en)
70,depthMean,1,3.960853867113201e-11,9.943377986465954e-05,stackpointer,Hansard (en)
70,d$_{head-final}$,1,4.020769981627481e-06,0.0,stackpointer,Hansard (en)
70,#Crossings,0,0.938621714016397,0.0,stackpointer,Hansard (en)
70,Height$_{dependency}$,0,0.70246567574374,0.0,stackpointer,Hansard (en)
70,d$_{root}$,0,0.5947408385528812,0.0,stackpointer,Hansard (en)
70,d$_{randomTree}$,0,0.0527283067306747,0.0,stackpointer,Hansard (en)
5,mDD,0,0.4084577079654574,0.0,towerparse,Hansard (en)
5,nDD,1,9.245673826541181e-08,4.949211154803689e-06,towerparse,Hansard (en)
5,Height,2,0.0008865680180771,0.0,towerparse,Hansard (en)
5,Ratio$_{head-final}$,1,7.313391314767159e-08,0.0,towerparse,Hansard (en)
5,treeDegree,1,1.9618440205704246e-10,0.0,towerparse,Hansard (en)
5,#Leaves,1,2.520312847309469e-10,0.0,towerparse,Hansard (en)
5,degreeVar,1,5.3614224171383285e-11,0.0,towerparse,Hansard (en)
5,degreeMean,1,0.0017959997273726,0.0,towerparse,Hansard (en)
5,depthVar,2,1.5383069995600354e-07,0.0,towerparse,Hansard (en)
5,depthMean,2,0.0028129479089169,0.0,towerparse,Hansard (en)
5,d$_{head-final}$,2,8.339329227169401e-11,0.0,towerparse,Hansard (en)
5,#Crossings,0,0.5991928739229524,0.0,towerparse,Hansard (en)
5,Height$_{dependency}$,1,0.0005476023963442,0.0,towerparse,Hansard (en)
5,d$_{root}$,1,1.415555589967532e-05,0.0,towerparse,Hansard (en)
5,d$_{randomTree}$,0,0.5421974386283552,0.0,towerparse,Hansard (en)
10,mDD,0,0.7126122964332839,0.0,towerparse,Hansard (en)
10,nDD,0,0.3320614873467127,3.453740483472711e-06,towerparse,Hansard (en)
10,Height,0,0.0524466491142241,0.0,towerparse,Hansard (en)
10,Ratio$_{head-final}$,1,0.0239928663632023,0.0,towerparse,Hansard (en)
10,treeDegree,0,0.1823630441272437,0.0,towerparse,Hansard (en)
10,#Leaves,0,0.1189133837111404,0.0,towerparse,Hansard (en)
10,degreeVar,1,0.0463884148989315,0.0,towerparse,Hansard (en)
10,degreeMean,0,0.562584316179902,0.0,towerparse,Hansard (en)
10,depthVar,0,0.0546193803759023,-2.24646871375531e-06,towerparse,Hansard (en)
10,depthMean,2,0.0312748708656931,0.0,towerparse,Hansard (en)
10,d$_{head-final}$,2,0.0290376828776879,0.0,towerparse,Hansard (en)
10,#Crossings,0,0.9683458474345544,0.0,towerparse,Hansard (en)
10,Height$_{dependency}$,0,0.0647520437280539,0.0,towerparse,Hansard (en)
10,d$_{root}$,0,0.6232193510103698,0.0,towerparse,Hansard (en)
10,d$_{randomTree}$,0,0.503729793679413,0.0,towerparse,Hansard (en)
15,mDD,0,0.2840969243418068,0.0,towerparse,Hansard (en)
15,nDD,0,0.1629226746874463,-7.71961964607727e-06,towerparse,Hansard (en)
15,Height,0,0.0584976048168277,0.0,towerparse,Hansard (en)
15,Ratio$_{head-final}$,1,0.0079589670404063,4.516711833784898e-06,towerparse,Hansard (en)
15,treeDegree,0,0.0690758685940762,0.0,towerparse,Hansard (en)
15,#Leaves,0,0.3324627928023922,0.0,towerparse,Hansard (en)
15,degreeVar,1,0.0011702236836805,1.551745654994556e-05,towerparse,Hansard (en)
15,degreeMean,0,0.3778697448073127,0.0,towerparse,Hansard (en)
15,depthVar,2,0.0175482817468295,-2.1441683249263265e-05,towerparse,Hansard (en)
15,depthMean,2,0.0082279817834931,-1.3537753409821592e-05,towerparse,Hansard (en)
15,d$_{head-final}$,2,0.0002521019175831,0.0,towerparse,Hansard (en)
15,#Crossings,0,0.2472545245782935,0.0,towerparse,Hansard (en)
15,Height$_{dependency}$,0,0.3351873374372607,0.0,towerparse,Hansard (en)
15,d$_{root}$,0,0.6109805421637085,0.0,towerparse,Hansard (en)
15,d$_{randomTree}$,0,0.3744673101845248,0.0,towerparse,Hansard (en)
20,mDD,0,0.193573894362578,6.490514113622917e-06,towerparse,Hansard (en)
20,nDD,0,0.4474691404684083,-4.999935127666035e-06,towerparse,Hansard (en)
20,Height,0,0.5700462494630765,0.0,towerparse,Hansard (en)
20,Ratio$_{head-final}$,0,0.2808820498833317,-1.566048077676034e-06,towerparse,Hansard (en)
20,treeDegree,0,0.2958467019288811,0.0,towerparse,Hansard (en)
20,#Leaves,0,0.6121247913442207,0.0,towerparse,Hansard (en)
20,degreeVar,0,0.2562637216333403,-4.440892098500626e-18,towerparse,Hansard (en)
20,degreeMean,0,0.2235187817667818,0.0,towerparse,Hansard (en)
20,depthVar,0,0.6582191908518575,4.986149584487621e-06,towerparse,Hansard (en)
20,depthMean,0,0.7313640290563361,0.0,towerparse,Hansard (en)
20,d$_{head-final}$,0,0.8735214583791466,0.0,towerparse,Hansard (en)
20,#Crossings,2,0.0378252276680601,0.0,towerparse,Hansard (en)
20,Height$_{dependency}$,0,0.0595256219519007,0.0,towerparse,Hansard (en)
20,d$_{root}$,0,0.6367824531477353,0.0,towerparse,Hansard (en)
20,d$_{randomTree}$,0,0.7019374774459557,0.0,towerparse,Hansard (en)
30,mDD,0,0.8068352533031891,0.0,towerparse,Hansard (en)
30,nDD,1,0.015427579448074,2.182862502260375e-05,towerparse,Hansard (en)
30,Height,0,0.5175431081862332,0.0,towerparse,Hansard (en)
30,Ratio$_{head-final}$,0,0.9713532962742504,0.0,towerparse,Hansard (en)
30,treeDegree,2,0.0132092978827862,0.0,towerparse,Hansard (en)
30,#Leaves,0,0.3294059005936538,0.0,towerparse,Hansard (en)
30,degreeVar,0,0.3256822726039119,-2.840276304154669e-06,towerparse,Hansard (en)
30,degreeMean,0,0.9608015781995476,0.0,towerparse,Hansard (en)
30,depthVar,0,0.6568924381889947,-9.068008220331264e-06,towerparse,Hansard (en)
30,depthMean,0,0.3981595450996287,-8.105740871424249e-06,towerparse,Hansard (en)
30,d$_{head-final}$,0,0.5347223732949449,0.0,towerparse,Hansard (en)
30,#Crossings,0,0.141311641241467,0.0,towerparse,Hansard (en)
30,Height$_{dependency}$,0,0.5874527437650916,0.0,towerparse,Hansard (en)
30,d$_{root}$,1,0.0143040091930999,0.0,towerparse,Hansard (en)
30,d$_{randomTree}$,0,0.9093311874209202,0.0,towerparse,Hansard (en)
40,mDD,0,0.1428137430613663,1.5155453129091732e-05,towerparse,Hansard (en)
40,nDD,0,0.8811600475495525,1.4173719606287637e-06,towerparse,Hansard (en)
40,Height,0,0.4725010716254996,0.0,towerparse,Hansard (en)
40,Ratio$_{head-final}$,0,0.6179912997560226,-7.653334557867102e-07,towerparse,Hansard (en)
40,treeDegree,0,0.5552940252260843,0.0,towerparse,Hansard (en)
40,#Leaves,0,0.8758514010361744,0.0,towerparse,Hansard (en)
40,degreeVar,0,0.93889812382375,0.0,towerparse,Hansard (en)
40,degreeMean,0,0.1774536780663984,0.0,towerparse,Hansard (en)
40,depthVar,0,0.4263001758294791,2.016955061009824e-05,towerparse,Hansard (en)
40,depthMean,0,0.5127023030293638,7.994832140504673e-06,towerparse,Hansard (en)
40,d$_{head-final}$,0,0.1336134220599627,0.0,towerparse,Hansard (en)
40,#Crossings,0,0.0853831117861376,0.0,towerparse,Hansard (en)
40,Height$_{dependency}$,0,0.9345685851379276,0.0,towerparse,Hansard (en)
40,d$_{root}$,0,0.4598962502288719,0.0,towerparse,Hansard (en)
40,d$_{randomTree}$,0,0.3829226243004076,0.0,towerparse,Hansard (en)
50,mDD,0,0.8546644614167449,5.773085743733633e-07,towerparse,Hansard (en)
50,nDD,0,0.5445481358587185,8.190645172097856e-06,towerparse,Hansard (en)
50,Height,0,0.8531443565475074,0.0,towerparse,Hansard (en)
50,Ratio$_{head-final}$,0,0.1191362761973064,-2.8319585752853077e-06,towerparse,Hansard (en)
50,treeDegree,2,0.0003585696398642,0.0,towerparse,Hansard (en)
50,#Leaves,0,0.3548443809054376,0.0,towerparse,Hansard (en)
50,degreeVar,2,0.0324126975153296,-2.4639611387131283e-05,towerparse,Hansard (en)
50,degreeMean,0,0.4744951776995234,0.0,towerparse,Hansard (en)
50,depthVar,0,0.591337328106798,1.8275473333794032e-05,towerparse,Hansard (en)
50,depthMean,0,0.1583252783400077,2.456252705847825e-05,towerparse,Hansard (en)
50,d$_{head-final}$,0,0.3541686764638974,0.0,towerparse,Hansard (en)
50,#Crossings,0,0.8538741761550102,0.0,towerparse,Hansard (en)
50,Height$_{dependency}$,0,0.8299700044890201,0.0,towerparse,Hansard (en)
50,d$_{root}$,0,0.6205249685715124,0.0,towerparse,Hansard (en)
50,d$_{randomTree}$,0,0.4979294350929584,0.0,towerparse,Hansard (en)
60,mDD,0,0.0861693188994825,-2.9272290849480243e-05,towerparse,Hansard (en)
60,nDD,0,0.122082320854969,2.3738571419389188e-05,towerparse,Hansard (en)
60,Height,1,8.173070746408939e-05,0.0,towerparse,Hansard (en)
60,Ratio$_{head-final}$,0,0.222722484168218,-2.2395351626334284e-06,towerparse,Hansard (en)
60,treeDegree,2,0.0001558685658371,0.0,towerparse,Hansard (en)
60,#Leaves,0,0.5768847370746171,0.0,towerparse,Hansard (en)
60,degreeVar,2,0.0217970426873073,-2.8692964756843928e-05,towerparse,Hansard (en)
60,degreeMean,0,0.2020403881364296,0.0,towerparse,Hansard (en)
60,depthVar,1,1.7632704607528638e-06,0.0001986247317382,towerparse,Hansard (en)
60,depthMean,1,5.357200467681622e-07,0.0001006149586271,towerparse,Hansard (en)
60,d$_{head-final}$,0,0.3414992867569786,0.0,towerparse,Hansard (en)
60,#Crossings,2,0.007037921786295,0.0,towerparse,Hansard (en)
60,Height$_{dependency}$,0,0.4808130870261331,0.0,towerparse,Hansard (en)
60,d$_{root}$,0,0.4152480407549546,0.0,towerparse,Hansard (en)
60,d$_{randomTree}$,0,0.1820127396187352,0.0,towerparse,Hansard (en)
70,mDD,0,0.4841686766899526,1.4139720330173185e-05,towerparse,Hansard (en)
70,nDD,1,0.0200597933744031,3.798379772488281e-05,towerparse,Hansard (en)
70,Height,0,0.1863219238052975,0.0,towerparse,Hansard (en)
70,Ratio$_{head-final}$,2,0.0007338722318701,-6.0741094007166045e-06,towerparse,Hansard (en)
70,treeDegree,0,0.8620150160531375,0.0,towerparse,Hansard (en)
70,#Leaves,0,0.5845170027033619,0.0,towerparse,Hansard (en)
70,degreeVar,0,0.4877696003259055,-7.66406130619561e-06,towerparse,Hansard (en)
70,degreeMean,1,0.0373657379111604,0.0,towerparse,Hansard (en)
70,depthVar,0,0.1888399221169481,5.459818275007863e-05,towerparse,Hansard (en)
70,depthMean,0,0.05748535017264,3.979815477762096e-05,towerparse,Hansard (en)
70,d$_{head-final}$,0,0.2509981189963346,0.0,towerparse,Hansard (en)
70,#Crossings,0,0.8867557124158403,0.0,towerparse,Hansard (en)
70,Height$_{dependency}$,0,0.7423354478325452,0.0,towerparse,Hansard (en)
70,d$_{root}$,1,0.0291787741612588,0.0,towerparse,Hansard (en)
70,d$_{randomTree}$,0,0.1593873131158676,0.0,towerparse,Hansard (en)
5,mDD,0,0.0500102589719781,0.0,crf2o,Hansard (en)
5,nDD,1,6.644684802381562e-12,1.2453436298245398e-05,crf2o,Hansard (en)
5,Height,2,4.570546205950876e-07,0.0,crf2o,Hansard (en)
5,Ratio$_{head-final}$,1,6.084022174945859e-14,0.0,crf2o,Hansard (en)
5,treeDegree,1,6.417089082333406e-14,0.0,crf2o,Hansard (en)
5,#Leaves,1,4.0523140398818214e-13,0.0,crf2o,Hansard (en)
5,degreeVar,1,8.881784197001252e-16,0.0,crf2o,Hansard (en)
5,degreeMean,1,0.000705772653857,0.0,crf2o,Hansard (en)
5,depthVar,2,4.439559830871076e-12,0.0,crf2o,Hansard (en)
5,depthMean,2,2.2566635757836906e-06,0.0,crf2o,Hansard (en)
5,d$_{head-final}$,2,5.7429151212318175e-08,0.0,crf2o,Hansard (en)
5,#Crossings,0,1.0,0.0,crf2o,Hansard (en)
5,Height$_{dependency}$,1,8.255194539086297e-05,0.0,crf2o,Hansard (en)
5,d$_{root}$,1,4.20514734145172e-11,0.0,crf2o,Hansard (en)
5,d$_{randomTree}$,0,0.4646634350993683,0.0,crf2o,Hansard (en)
10,mDD,0,0.8252653894505051,0.0,crf2o,Hansard (en)
10,nDD,0,0.3319296839417338,3.152189639460527e-06,crf2o,Hansard (en)
10,Height,2,0.0032454830827752,0.0,crf2o,Hansard (en)
10,Ratio$_{head-final}$,1,0.005960632956057,8.949804151487528e-20,crf2o,Hansard (en)
10,treeDegree,1,0.0112022779830207,0.0,crf2o,Hansard (en)
10,#Leaves,0,0.1330325858178054,0.0,crf2o,Hansard (en)
10,degreeVar,1,0.0034459833988176,5.078465874139959e-06,crf2o,Hansard (en)
10,degreeMean,0,0.5856589760505142,0.0,crf2o,Hansard (en)
10,depthVar,2,0.0038299108193069,-8.119479297799103e-06,crf2o,Hansard (en)
10,depthMean,2,0.0006342786590001,-1.0995294014161928e-05,crf2o,Hansard (en)
10,d$_{head-final}$,0,0.0860727198417703,0.0,crf2o,Hansard (en)
10,#Crossings,0,0.794527888267178,0.0,crf2o,Hansard (en)
10,Height$_{dependency}$,0,0.3617834121358205,0.0,crf2o,Hansard (en)
10,d$_{root}$,0,0.3768026445349068,0.0,crf2o,Hansard (en)
10,d$_{randomTree}$,0,0.0678036947897107,0.0,crf2o,Hansard (en)
15,mDD,0,0.1301202173897999,0.0,crf2o,Hansard (en)
15,nDD,2,0.0346341492953528,-1.1383926684415566e-05,crf2o,Hansard (en)
15,Height,0,0.102271286875301,0.0,crf2o,Hansard (en)
15,Ratio$_{head-final}$,1,0.0232283653642504,3.5367682426504844e-06,crf2o,Hansard (en)
15,treeDegree,0,0.0953514040846741,0.0,crf2o,Hansard (en)
15,#Leaves,0,0.0985915951613352,0.0,crf2o,Hansard (en)
15,degreeVar,1,0.0003974813160254,1.925655085645461e-05,crf2o,Hansard (en)
15,degreeMean,0,0.5393655101801329,0.0,crf2o,Hansard (en)
15,depthVar,0,0.0837199536692641,-1.393142866403482e-05,crf2o,Hansard (en)
15,depthMean,2,0.0164010049916172,-1.0730448486321274e-05,crf2o,Hansard (en)
15,d$_{head-final}$,2,0.0054639751023701,0.0,crf2o,Hansard (en)
15,#Crossings,0,0.5020743926074906,0.0,crf2o,Hansard (en)
15,Height$_{dependency}$,0,0.7279815427128078,0.0,crf2o,Hansard (en)
15,d$_{root}$,0,0.3068182134804951,0.0,crf2o,Hansard (en)
15,d$_{randomTree}$,0,0.2659076640030822,0.0,crf2o,Hansard (en)
20,mDD,0,0.1761204885094469,6.301673724540779e-06,crf2o,Hansard (en)
20,nDD,0,0.0562342112251599,-1.1505819891257614e-05,crf2o,Hansard (en)
20,Height,0,0.2928464639268142,0.0,crf2o,Hansard (en)
20,Ratio$_{head-final}$,0,0.3067959003713314,-1.2872663645683476e-06,crf2o,Hansard (en)
20,treeDegree,0,0.0567776040327299,0.0,crf2o,Hansard (en)
20,#Leaves,0,0.5509928780512328,0.0,crf2o,Hansard (en)
20,degreeVar,0,0.3072753748684431,-5.719116471105058e-19,crf2o,Hansard (en)
20,degreeMean,0,0.075121886346182,0.0,crf2o,Hansard (en)
20,depthVar,0,0.2240702868031481,1.474373909676219e-05,crf2o,Hansard (en)
20,depthMean,0,0.2431834719308432,5.249509170892193e-06,crf2o,Hansard (en)
20,d$_{head-final}$,0,0.5119797089184546,0.0,crf2o,Hansard (en)
20,#Crossings,0,0.276570217250218,0.0,crf2o,Hansard (en)
20,Height$_{dependency}$,0,0.2002331025708623,0.0,crf2o,Hansard (en)
20,d$_{root}$,0,0.0603590955162947,0.0,crf2o,Hansard (en)
20,d$_{randomTree}$,0,0.5641826488773314,0.0,crf2o,Hansard (en)
30,mDD,0,0.1545900676751974,-1.018343359200402e-05,crf2o,Hansard (en)
30,nDD,1,0.0257109266289592,1.5345359677876214e-05,crf2o,Hansard (en)
30,Height,0,0.2829396068663454,0.0,crf2o,Hansard (en)
30,Ratio$_{head-final}$,0,0.0562816586710219,-2.600280378058099e-06,crf2o,Hansard (en)
30,treeDegree,2,0.0005598505103474,0.0,crf2o,Hansard (en)
30,#Leaves,0,0.9180087661769268,0.0,crf2o,Hansard (en)
30,degreeVar,0,0.1329677061584087,-6.203404869422278e-06,crf2o,Hansard (en)
30,degreeMean,0,0.6538316447835744,0.0,crf2o,Hansard (en)
30,depthVar,0,0.2941187852661946,1.998834797580881e-05,crf2o,Hansard (en)
30,depthMean,0,0.3377301475343879,8.957184257655184e-06,crf2o,Hansard (en)
30,d$_{head-final}$,1,0.0157118330985401,0.0,crf2o,Hansard (en)
30,#Crossings,0,0.9285889160608616,0.0,crf2o,Hansard (en)
30,Height$_{dependency}$,0,0.3414737474623892,0.0,crf2o,Hansard (en)
30,d$_{root}$,0,0.1542692424320226,0.0,crf2o,Hansard (en)
30,d$_{randomTree}$,0,0.9794826885302532,0.0,crf2o,Hansard (en)
40,mDD,0,0.8271166772116287,0.0,crf2o,Hansard (en)
40,nDD,0,0.3782140736788952,6.5420195683764325e-06,crf2o,Hansard (en)
40,Height,0,0.2372271096669658,0.0,crf2o,Hansard (en)
40,Ratio$_{head-final}$,0,0.5659636538684825,-6.837256227062701e-07,crf2o,Hansard (en)
40,treeDegree,2,0.0452925359553884,0.0,crf2o,Hansard (en)
40,#Leaves,0,0.8763842532801236,0.0,crf2o,Hansard (en)
40,degreeVar,0,0.1693894262664912,-7.870073537190637e-06,crf2o,Hansard (en)
40,degreeMean,0,0.0760297796978071,0.0,crf2o,Hansard (en)
40,depthVar,0,0.2250617742992586,2.841700384424442e-05,crf2o,Hansard (en)
40,depthMean,0,0.3920244897502354,9.597737319667926e-06,crf2o,Hansard (en)
40,d$_{head-final}$,0,0.5585976042995002,0.0,crf2o,Hansard (en)
40,#Crossings,0,0.4949200775909135,0.0,crf2o,Hansard (en)
40,Height$_{dependency}$,0,0.8439524103620732,0.0,crf2o,Hansard (en)
40,d$_{root}$,0,0.3322947982711701,0.0,crf2o,Hansard (en)
40,d$_{randomTree}$,0,0.7194845663219169,0.0,crf2o,Hansard (en)
50,mDD,0,0.3096873025937032,-8.428314854984129e-06,crf2o,Hansard (en)
50,nDD,0,0.4964797428804774,5.390738234431821e-06,crf2o,Hansard (en)
50,Height,0,0.1019568894960398,0.0,crf2o,Hansard (en)
50,Ratio$_{head-final}$,2,6.865515975951197e-06,-5.206441161878288e-06,crf2o,Hansard (en)
50,treeDegree,2,0.0002180874279547,0.0,crf2o,Hansard (en)
50,#Leaves,0,0.1324465116503761,0.0,crf2o,Hansard (en)
50,degreeVar,2,0.0004566698849726,-2.5095677269590348e-05,crf2o,Hansard (en)
50,degreeMean,0,0.5488786502859826,0.0,crf2o,Hansard (en)
50,depthVar,0,0.0656512675083977,5.31960430696805e-05,crf2o,Hansard (en)
50,depthMean,1,0.0081283159082701,3.334667200213478e-05,crf2o,Hansard (en)
50,d$_{head-final}$,1,0.0065660045363684,0.0,crf2o,Hansard (en)
50,#Crossings,0,0.2532225735050324,0.0,crf2o,Hansard (en)
50,Height$_{dependency}$,0,0.7702305886528269,0.0,crf2o,Hansard (en)
50,d$_{root}$,0,0.9131168186691764,0.0,crf2o,Hansard (en)
50,d$_{randomTree}$,0,0.3019202738108517,0.0,crf2o,Hansard (en)
60,mDD,0,0.431741976958061,-6.684527724938334e-06,crf2o,Hansard (en)
60,nDD,0,0.2156313842795811,9.97068329293882e-06,crf2o,Hansard (en)
60,Height,1,0.0320189217416944,0.0,crf2o,Hansard (en)
60,Ratio$_{head-final}$,2,0.004418273270569,-3.0451784211903906e-06,crf2o,Hansard (en)
60,treeDegree,2,1.2710487430789286e-05,0.0,crf2o,Hansard (en)
60,#Leaves,0,0.6569779008662848,0.0,crf2o,Hansard (en)
60,degreeVar,2,0.0073923871762755,-1.8460000200511875e-05,crf2o,Hansard (en)
60,degreeMean,0,0.6121616673047696,0.0,crf2o,Hansard (en)
60,depthVar,1,0.0029923681860997,0.0001020986671512,crf2o,Hansard (en)
60,depthMean,1,0.0452993541253918,2.8289341892940743e-05,crf2o,Hansard (en)
60,d$_{head-final}$,0,0.2326540642783108,0.0,crf2o,Hansard (en)
60,#Crossings,0,0.4704414997852466,0.0,crf2o,Hansard (en)
60,Height$_{dependency}$,0,0.5127949375021448,0.0,crf2o,Hansard (en)
60,d$_{root}$,0,0.5202108493691988,0.0,crf2o,Hansard (en)
60,d$_{randomTree}$,0,0.4940186670845059,0.0,crf2o,Hansard (en)
70,mDD,2,0.0241677680738685,-2.0820809958627577e-05,crf2o,Hansard (en)
70,nDD,0,0.1454610435888137,1.2013282610324318e-05,crf2o,Hansard (en)
70,Height,1,0.0010215490348692,0.0,crf2o,Hansard (en)
70,Ratio$_{head-final}$,2,9.624151697806838e-09,-5.594925440713445e-06,crf2o,Hansard (en)
70,treeDegree,2,0.0049335450943903,0.0,crf2o,Hansard (en)
70,#Leaves,0,0.135921376606332,0.0,crf2o,Hansard (en)
70,degreeVar,2,0.0001917022426183,-2.3718740072656704e-05,crf2o,Hansard (en)
70,degreeMean,1,0.012820909468838,0.0,crf2o,Hansard (en)
70,depthVar,1,0.0008636612148844,0.0001256012859404,crf2o,Hansard (en)
70,depthMean,1,0.003128532763825,4.39718010450835e-05,crf2o,Hansard (en)
70,d$_{head-final}$,1,0.0106425750071006,0.0,crf2o,Hansard (en)
70,#Crossings,0,0.452383745614648,0.0,crf2o,Hansard (en)
70,Height$_{dependency}$,0,0.4162175532292869,0.0,crf2o,Hansard (en)
70,d$_{root}$,0,0.6606729848866031,0.0,crf2o,Hansard (en)
70,d$_{randomTree}$,0,0.8588421182297195,0.0,crf2o,Hansard (en)
5,mDD,1,1.5099033134902132e-14,0.0,stanza,DeuParl (de)
5,nDD,2,8.881784197001252e-16,-1.3792301278876089e-05,stanza,DeuParl (de)
5,Height,2,6.036253719088336e-10,0.0,stanza,DeuParl (de)
5,Ratio$_{head-final}$,0,0.8798581947710988,0.0,stanza,DeuParl (de)
5,treeDegree,1,0.0,0.0,stanza,DeuParl (de)
5,#Leaves,1,0.0,0.0,stanza,DeuParl (de)
5,degreeVar,1,0.0,5.800637781913645e-05,stanza,DeuParl (de)
5,degreeMean,1,0.0429996479921996,0.0,stanza,DeuParl (de)
5,depthVar,2,0.0,-1.4124974868004537e-19,stanza,DeuParl (de)
5,depthMean,2,3.4305891460917337e-13,0.0,stanza,DeuParl (de)
5,d$_{head-final}$,2,1.05992139047828e-05,0.0,stanza,DeuParl (de)
5,#Crossings,0,0.1331441000754734,0.0,stanza,DeuParl (de)
5,Height$_{dependency}$,1,0.0163283764029946,0.0,stanza,DeuParl (de)
5,d$_{root}$,0,0.8422507024127093,0.0,stanza,DeuParl (de)
5,d$_{randomTree}$,0,0.1207862055441555,0.0,stanza,DeuParl (de)
10,mDD,1,2.4771704687509555e-09,5.696058327637273e-05,stanza,DeuParl (de)
10,nDD,2,0.0001581108542751,-1.8665584162303496e-05,stanza,DeuParl (de)
10,Height,0,0.3718666340343977,0.0,stanza,DeuParl (de)
10,Ratio$_{head-final}$,1,0.0232892773473294,0.0,stanza,DeuParl (de)
10,treeDegree,1,2.1248329113099373e-05,0.0,stanza,DeuParl (de)
10,#Leaves,1,8.089502401276151e-09,0.0,stanza,DeuParl (de)
10,degreeVar,1,6.664461940086852e-07,3.466441468612991e-05,stanza,DeuParl (de)
10,degreeMean,1,0.0016634608517436,0.0,stanza,DeuParl (de)
10,depthVar,0,0.1171961172573432,0.0,stanza,DeuParl (de)
10,depthMean,2,0.0285437665951828,0.0,stanza,DeuParl (de)
10,d$_{head-final}$,2,0.0193162817091745,0.0,stanza,DeuParl (de)
10,#Crossings,0,0.1901633520520544,0.0,stanza,DeuParl (de)
10,Height$_{dependency}$,1,0.0015150647888009,0.0,stanza,DeuParl (de)
10,d$_{root}$,0,0.1272282747581572,0.0,stanza,DeuParl (de)
10,d$_{randomTree}$,0,0.8323402353930973,0.0,stanza,DeuParl (de)
15,mDD,1,0.0007959460680244,3.62030265730216e-05,stanza,DeuParl (de)
15,nDD,0,0.9118877653572884,-5.758265871209642e-08,stanza,DeuParl (de)
15,Height,0,0.1874965627214313,0.0,stanza,DeuParl (de)
15,Ratio$_{head-final}$,0,0.2329861665556079,1.5084551965015713e-19,stanza,DeuParl (de)
15,treeDegree,0,0.5212451003937011,0.0,stanza,DeuParl (de)
15,#Leaves,0,0.182471647421218,0.0,stanza,DeuParl (de)
15,degreeVar,0,0.4217240436051721,0.0,stanza,DeuParl (de)
15,degreeMean,0,0.0667193001685595,0.0,stanza,DeuParl (de)
15,depthVar,0,0.1835674023566116,-6.599415342845823e-06,stanza,DeuParl (de)
15,depthMean,0,0.2306801166336209,0.0,stanza,DeuParl (de)
15,d$_{head-final}$,0,0.1480098251786843,0.0,stanza,DeuParl (de)
15,#Crossings,0,0.2112148767941466,0.0,stanza,DeuParl (de)
15,Height$_{dependency}$,1,0.0180378637318254,0.0,stanza,DeuParl (de)
15,d$_{root}$,0,0.0732645535758766,0.0,stanza,DeuParl (de)
15,d$_{randomTree}$,0,0.7811836283510833,0.0,stanza,DeuParl (de)
20,mDD,1,0.0097265024408093,2.95351172544154e-05,stanza,DeuParl (de)
20,nDD,2,0.0164641429062959,-1.6022265434821258e-05,stanza,DeuParl (de)
20,Height,0,0.4513430189919591,0.0,stanza,DeuParl (de)
20,Ratio$_{head-final}$,0,0.3935454473414328,-1.0438195444771229e-06,stanza,DeuParl (de)
20,treeDegree,2,0.0131309829313543,0.0,stanza,DeuParl (de)
20,#Leaves,0,0.1372460657841889,0.0,stanza,DeuParl (de)
20,degreeVar,2,0.0459971792510138,-1.1964051714953452e-05,stanza,DeuParl (de)
20,degreeMean,0,0.6607954676486074,0.0,stanza,DeuParl (de)
20,depthVar,0,0.7984204256679035,-7.248046566919734e-07,stanza,DeuParl (de)
20,depthMean,0,0.3739438126648013,0.0,stanza,DeuParl (de)
20,d$_{head-final}$,0,0.522588779671626,0.0,stanza,DeuParl (de)
20,#Crossings,2,0.0322957000464896,0.0,stanza,DeuParl (de)
20,Height$_{dependency}$,0,0.090362733670136,0.0,stanza,DeuParl (de)
20,d$_{root}$,0,0.4720104531277016,0.0,stanza,DeuParl (de)
20,d$_{randomTree}$,0,0.5527086136331729,0.0,stanza,DeuParl (de)
30,mDD,0,0.0503712656288517,2.3654082694673152e-05,stanza,DeuParl (de)
30,nDD,2,0.0021989261386217,-2.35785144479218e-05,stanza,DeuParl (de)
30,Height,1,0.0012147282965115,0.0,stanza,DeuParl (de)
30,Ratio$_{head-final}$,2,7.593311598230734e-05,-5.333674688513406e-06,stanza,DeuParl (de)
30,treeDegree,2,2.2383739646691936e-05,0.0,stanza,DeuParl (de)
30,#Leaves,2,0.0007269084008518,0.0,stanza,DeuParl (de)
30,degreeVar,2,9.703605227562306e-06,-4.198536075087494e-05,stanza,DeuParl (de)
30,degreeMean,0,0.3663289264157172,0.0,stanza,DeuParl (de)
30,depthVar,1,0.0037004052325055,3.504091798680143e-05,stanza,DeuParl (de)
30,depthMean,1,2.0446609625413004e-06,3.666495563540372e-05,stanza,DeuParl (de)
30,d$_{head-final}$,1,0.0003143989826492,0.0,stanza,DeuParl (de)
30,#Crossings,0,0.4623427627951602,0.0,stanza,DeuParl (de)
30,Height$_{dependency}$,1,0.0029092611728309,0.0,stanza,DeuParl (de)
30,d$_{root}$,2,0.028652724706665,0.0,stanza,DeuParl (de)
30,d$_{randomTree}$,0,0.9802871957003614,0.0,stanza,DeuParl (de)
40,mDD,1,0.0004356762060944,4.389972832565134e-05,stanza,DeuParl (de)
40,nDD,0,0.2177388636551023,-1.0228684393202811e-05,stanza,DeuParl (de)
40,Height,0,0.0760491859819285,0.0,stanza,DeuParl (de)
40,Ratio$_{head-final}$,2,1.9147390339924182e-09,-7.193910702682369e-06,stanza,DeuParl (de)
40,treeDegree,2,3.4994369557672655e-07,0.0,stanza,DeuParl (de)
40,#Leaves,2,2.191802295214984e-12,0.0,stanza,DeuParl (de)
40,degreeVar,2,1.1840178726352236e-07,-4.806618481083701e-05,stanza,DeuParl (de)
40,degreeMean,2,0.0008586390458529,0.0,stanza,DeuParl (de)
40,depthVar,1,0.0176293839890606,3.658680099625717e-05,stanza,DeuParl (de)
40,depthMean,1,6.597445452460882e-05,3.6204337279606094e-05,stanza,DeuParl (de)
40,d$_{head-final}$,1,4.102130317207298e-06,0.0,stanza,DeuParl (de)
40,#Crossings,0,0.5118256418354556,0.0,stanza,DeuParl (de)
40,Height$_{dependency}$,1,4.200639433626918e-06,0.0006369426751592,stanza,DeuParl (de)
40,d$_{root}$,0,0.880493823608927,0.0,stanza,DeuParl (de)
40,d$_{randomTree}$,0,0.7269178094305289,0.0,stanza,DeuParl (de)
50,mDD,1,6.173364828465644e-05,5.013507481645535e-05,stanza,DeuParl (de)
50,nDD,0,0.9213641113560952,8.358942891132812e-07,stanza,DeuParl (de)
50,Height,0,0.2418490332457001,0.0,stanza,DeuParl (de)
50,Ratio$_{head-final}$,2,5.007327885664381e-11,-7.121284685174494e-06,stanza,DeuParl (de)
50,treeDegree,2,1.9882083966749065e-05,0.0,stanza,DeuParl (de)
50,#Leaves,2,1.7763568394002505e-13,0.0,stanza,DeuParl (de)
50,degreeVar,2,6.317847844883319e-08,-4.6130482614621126e-05,stanza,DeuParl (de)
50,degreeMean,2,2.470893658790274e-06,0.0,stanza,DeuParl (de)
50,depthVar,0,0.2613657445981792,2.182146340450597e-05,stanza,DeuParl (de)
50,depthMean,1,0.0050158717497408,2.918553938926469e-05,stanza,DeuParl (de)
50,d$_{head-final}$,1,1.5824627164207072e-08,0.0,stanza,DeuParl (de)
50,#Crossings,0,0.2474700132567764,0.0,stanza,DeuParl (de)
50,Height$_{dependency}$,1,3.686670657643276e-08,0.0009090909090909,stanza,DeuParl (de)
50,d$_{root}$,0,0.1204383447437156,0.0,stanza,DeuParl (de)
50,d$_{randomTree}$,0,0.3085528720828874,0.0,stanza,DeuParl (de)
60,mDD,1,7.455285238822107e-05,4.755021302495445e-05,stanza,DeuParl (de)
60,nDD,2,0.0450998722202538,-1.780895701120571e-05,stanza,DeuParl (de)
60,Height,0,0.4438435181838511,0.0,stanza,DeuParl (de)
60,Ratio$_{head-final}$,2,0.0,-9.08220178661715e-06,stanza,DeuParl (de)
60,treeDegree,2,3.143640903147116e-11,0.0,stanza,DeuParl (de)
60,#Leaves,2,0.0,0.0,stanza,DeuParl (de)
60,degreeVar,2,0.0,-6.778856535829506e-05,stanza,DeuParl (de)
60,degreeMean,2,1.3750595551087488e-07,0.0,stanza,DeuParl (de)
60,depthVar,0,0.8504719346262366,4.625905999491684e-06,stanza,DeuParl (de)
60,depthMean,0,0.2288412351844839,1.4842300556585006e-05,stanza,DeuParl (de)
60,d$_{head-final}$,1,1.740316348808335e-07,0.0,stanza,DeuParl (de)
60,#Crossings,0,0.6322967848962373,0.0,stanza,DeuParl (de)
60,Height$_{dependency}$,1,1.3807813159516513e-07,0.0008598452278589,stanza,DeuParl (de)
60,d$_{root}$,0,0.4922253075088596,0.0,stanza,DeuParl (de)
60,d$_{randomTree}$,0,0.9649861283016574,0.0,stanza,DeuParl (de)
70,mDD,1,6.984260137565812e-06,5.175878128162647e-05,stanza,DeuParl (de)
70,nDD,2,0.0440331379528431,-1.824263038150208e-05,stanza,DeuParl (de)
70,Height,0,0.9700004946572028,0.0,stanza,DeuParl (de)
70,Ratio$_{head-final}$,2,0.0,-9.995831958860204e-06,stanza,DeuParl (de)
70,treeDegree,2,1.0505499359325654e-08,0.0,stanza,DeuParl (de)
70,#Leaves,2,0.0,-0.0004264392324093,stanza,DeuParl (de)
70,degreeVar,2,0.0,-6.500893872907539e-05,stanza,DeuParl (de)
70,degreeMean,2,8.127929440604476e-10,0.0,stanza,DeuParl (de)
70,depthVar,0,0.8298238653710686,-6.951340670336681e-06,stanza,DeuParl (de)
70,depthMean,1,0.0492333709539762,2.806592123778825e-05,stanza,DeuParl (de)
70,d$_{head-final}$,1,5.773159728050814e-15,0.0006309148264984,stanza,DeuParl (de)
70,#Crossings,0,0.6889636988270296,0.0,stanza,DeuParl (de)
70,Height$_{dependency}$,1,2.4522527024561924e-05,0.0006896551724137,stanza,DeuParl (de)
70,d$_{root}$,0,0.5298570409682519,0.0,stanza,DeuParl (de)
70,d$_{randomTree}$,0,0.3761003169989623,0.0,stanza,DeuParl (de)
5,mDD,1,0.0,2.4339783375927947e-05,biaffine,DeuParl (de)
5,nDD,2,0.0,-1.92158266746124e-05,biaffine,DeuParl (de)
5,Height,2,8.729905687232531e-12,0.0,biaffine,DeuParl (de)
5,Ratio$_{head-final}$,0,0.8837059156311253,0.0,biaffine,DeuParl (de)
5,treeDegree,1,0.0,0.0,biaffine,DeuParl (de)
5,#Leaves,1,0.0,0.0,biaffine,DeuParl (de)
5,degreeVar,1,0.0,6.108994132946193e-05,biaffine,DeuParl (de)
5,degreeMean,1,0.0499249266990804,0.0,biaffine,DeuParl (de)
5,depthVar,2,0.0,-6.54998834587113e-20,biaffine,DeuParl (de)
5,depthMean,2,3.86557452713987e-12,0.0,biaffine,DeuParl (de)
5,d$_{head-final}$,2,1.875932740258435e-07,0.0,biaffine,DeuParl (de)
5,#Crossings,0,0.1265696927193782,0.0,biaffine,DeuParl (de)
5,Height$_{dependency}$,1,0.0122083565992405,0.0,biaffine,DeuParl (de)
5,d$_{root}$,0,0.9788292130149656,0.0,biaffine,DeuParl (de)
5,d$_{randomTree}$,0,0.9904039949906852,0.0,biaffine,DeuParl (de)
10,mDD,1,2.0298873693036512e-11,6.735829350381868e-05,biaffine,DeuParl (de)
10,nDD,2,7.066450312676054e-06,-2.2197728799762477e-05,biaffine,DeuParl (de)
10,Height,2,0.0326659845340873,0.0,biaffine,DeuParl (de)
10,Ratio$_{head-final}$,0,0.051880271468317,0.0,biaffine,DeuParl (de)
10,treeDegree,1,2.496692822262503e-06,0.0,biaffine,DeuParl (de)
10,#Leaves,1,1.4969137041020986e-11,0.0,biaffine,DeuParl (de)
10,degreeVar,1,2.9128963685565164e-09,5.170858411375339e-05,biaffine,DeuParl (de)
10,degreeMean,1,0.0015500115165887,0.0,biaffine,DeuParl (de)
10,depthVar,2,0.0142166694592378,-1.6172305548759403e-06,biaffine,DeuParl (de)
10,depthMean,2,0.0144047453099531,0.0,biaffine,DeuParl (de)
10,d$_{head-final}$,2,0.001377780024697,0.0,biaffine,DeuParl (de)
10,#Crossings,2,7.126417900238381e-09,0.0,biaffine,DeuParl (de)
10,Height$_{dependency}$,1,0.0056993515212233,0.0,biaffine,DeuParl (de)
10,d$_{root}$,0,0.0877987887590605,0.0,biaffine,DeuParl (de)
10,d$_{randomTree}$,0,0.0752202459046311,0.0,biaffine,DeuParl (de)
15,mDD,1,0.014047123364681,2.609058651638493e-05,biaffine,DeuParl (de)
15,nDD,0,0.8945116100982504,2.897751287236384e-07,biaffine,DeuParl (de)
15,Height,0,0.1519963299877229,0.0,biaffine,DeuParl (de)
15,Ratio$_{head-final}$,0,0.4718324739297084,0.0,biaffine,DeuParl (de)
15,treeDegree,0,0.7310237163075091,0.0,biaffine,DeuParl (de)
15,#Leaves,0,0.0662165216018679,0.0,biaffine,DeuParl (de)
15,degreeVar,0,0.4594506597154457,0.0,biaffine,DeuParl (de)
15,degreeMean,0,0.0608298146699208,0.0,biaffine,DeuParl (de)
15,depthVar,0,0.231176562799674,-5.811250581125046e-06,biaffine,DeuParl (de)
15,depthMean,0,0.7179224463595131,0.0,biaffine,DeuParl (de)
15,d$_{head-final}$,2,0.0044564329613212,0.0,biaffine,DeuParl (de)
15,#Crossings,2,8.124822596933257e-07,0.0,biaffine,DeuParl (de)
15,Height$_{dependency}$,1,0.029897794490705,0.0,biaffine,DeuParl (de)
15,d$_{root}$,0,0.17204708723015,0.0,biaffine,DeuParl (de)
15,d$_{randomTree}$,0,0.7155065850131312,0.0,biaffine,DeuParl (de)
20,mDD,1,0.0302097544912787,2.4582406375473575e-05,biaffine,DeuParl (de)
20,nDD,2,0.0274219049577539,-1.4949673847864755e-05,biaffine,DeuParl (de)
20,Height,0,0.6416522564790406,0.0,biaffine,DeuParl (de)
20,Ratio$_{head-final}$,2,0.0317401555018714,-3.6987720076934327e-06,biaffine,DeuParl (de)
20,treeDegree,2,0.0063406066433602,0.0,biaffine,DeuParl (de)
20,#Leaves,0,0.1247300203910874,0.0,biaffine,DeuParl (de)
20,degreeVar,2,0.0203299366804352,-1.4763371312187244e-05,biaffine,DeuParl (de)
20,degreeMean,0,0.688919987387427,0.0,biaffine,DeuParl (de)
20,depthVar,0,0.8049045716564511,-8.111366330332136e-07,biaffine,DeuParl (de)
20,depthMean,0,0.2244184874428376,2.567268868474502e-06,biaffine,DeuParl (de)
20,d$_{head-final}$,0,0.2866217240888526,0.0,biaffine,DeuParl (de)
20,#Crossings,2,7.130954408363088e-05,0.0,biaffine,DeuParl (de)
20,Height$_{dependency}$,0,0.0996244142170148,0.0,biaffine,DeuParl (de)
20,d$_{root}$,0,0.3980983594504415,0.0,biaffine,DeuParl (de)
20,d$_{randomTree}$,0,0.6055195921653835,0.0,biaffine,DeuParl (de)
30,mDD,0,0.2212688298402194,1.499683353374972e-05,biaffine,DeuParl (de)
30,nDD,2,0.0033085535397701,-2.281901001520769e-05,biaffine,DeuParl (de)
30,Height,1,0.0457356768251728,0.0,biaffine,DeuParl (de)
30,Ratio$_{head-final}$,2,1.43023921816976e-07,-7.579746916239849e-06,biaffine,DeuParl (de)
30,treeDegree,2,4.609115338283232e-07,0.0,biaffine,DeuParl (de)
30,#Leaves,2,0.008550077462569,0.0,biaffine,DeuParl (de)
30,degreeVar,2,6.832244934251719e-07,-4.495796430337618e-05,biaffine,DeuParl (de)
30,degreeMean,0,0.4147871639813054,0.0,biaffine,DeuParl (de)
30,depthVar,0,0.0681149521999417,2.447212096366328e-05,biaffine,DeuParl (de)
30,depthMean,1,5.119977484024929e-05,3.358544933662276e-05,biaffine,DeuParl (de)
30,d$_{head-final}$,1,5.064292613843335e-05,0.0,biaffine,DeuParl (de)
30,#Crossings,0,0.2064644158796658,0.0,biaffine,DeuParl (de)
30,Height$_{dependency}$,1,0.0247105597745094,0.0,biaffine,DeuParl (de)
30,d$_{root}$,2,0.0147187127443988,0.0,biaffine,DeuParl (de)
30,d$_{randomTree}$,0,0.7297696919404251,0.0,biaffine,DeuParl (de)
40,mDD,1,0.001090374469532,4.175858700285471e-05,biaffine,DeuParl (de)
40,nDD,2,0.0288590683485991,-1.8718065999887e-05,biaffine,DeuParl (de)
40,Height,0,0.2911249312841739,0.0,biaffine,DeuParl (de)
40,Ratio$_{head-final}$,2,1.6857781837131824e-10,-8.131667967733513e-06,biaffine,DeuParl (de)
40,treeDegree,2,2.7289281945286353e-13,0.0,biaffine,DeuParl (de)
40,#Leaves,2,1.1680501010857824e-10,0.0,biaffine,DeuParl (de)
40,degreeVar,2,2.6822988274943778e-12,-6.139941300494316e-05,biaffine,DeuParl (de)
40,degreeMean,2,0.0011373400250656,0.0,biaffine,DeuParl (de)
40,depthVar,0,0.0569129586516061,3.0947842216404135e-05,biaffine,DeuParl (de)
40,depthMean,1,2.926364371202972e-05,3.8698492306739714e-05,biaffine,DeuParl (de)
40,d$_{head-final}$,1,1.536850543715218e-05,0.0,biaffine,DeuParl (de)
40,#Crossings,0,0.1217657058234287,0.0,biaffine,DeuParl (de)
40,Height$_{dependency}$,1,7.704392511742597e-06,0.0007742934572202,biaffine,DeuParl (de)
40,d$_{root}$,0,0.1863720249296299,0.0,biaffine,DeuParl (de)
40,d$_{randomTree}$,0,0.1940475052988133,0.0,biaffine,DeuParl (de)
50,mDD,1,0.0061643417313472,3.628117913832205e-05,biaffine,DeuParl (de)
50,nDD,0,0.0699329109180975,-1.6328854009688745e-05,biaffine,DeuParl (de)
50,Height,1,0.0049515228621519,0.0,biaffine,DeuParl (de)
50,Ratio$_{head-final}$,2,0.0,-1.108362619755022e-05,biaffine,DeuParl (de)
50,treeDegree,2,8.688605390716475e-13,0.0,biaffine,DeuParl (de)
50,#Leaves,2,5.266453939611893e-12,0.0,biaffine,DeuParl (de)
50,degreeVar,2,1.4654943925052066e-14,-6.395923344961056e-05,biaffine,DeuParl (de)
50,degreeMean,2,1.934343823561946e-06,0.0,biaffine,DeuParl (de)
50,depthVar,1,0.0038477104613312,5.545401735044435e-05,biaffine,DeuParl (de)
50,depthMean,1,4.1489012225781607e-10,6.4869531156372e-05,biaffine,DeuParl (de)
50,d$_{head-final}$,1,1.1624479157035239e-11,0.000351617440225,biaffine,DeuParl (de)
50,#Crossings,0,0.1740017952722379,0.0,biaffine,DeuParl (de)
50,Height$_{dependency}$,1,1.5360694871624506e-07,0.0011160714285714,biaffine,DeuParl (de)
50,d$_{root}$,0,0.2749663115643519,0.0,biaffine,DeuParl (de)
50,d$_{randomTree}$,0,0.0875301550236462,0.0,biaffine,DeuParl (de)
60,mDD,1,0.0046525961079684,3.738525012125592e-05,biaffine,DeuParl (de)
60,nDD,2,0.0012133834558745,-3.055295444731337e-05,biaffine,DeuParl (de)
60,Height,1,1.812244365906324e-05,0.0,biaffine,DeuParl (de)
60,Ratio$_{head-final}$,2,0.0,-1.355148721506356e-05,biaffine,DeuParl (de)
60,treeDegree,2,2.220446049250313e-16,0.0,biaffine,DeuParl (de)
60,#Leaves,2,0.0,0.0,biaffine,DeuParl (de)
60,degreeVar,2,0.0,-7.619229163302718e-05,biaffine,DeuParl (de)
60,degreeMean,2,5.4803936722080955e-08,0.0,biaffine,DeuParl (de)
60,depthVar,1,5.894100447090267e-05,8.636081626402293e-05,biaffine,DeuParl (de)
60,depthMean,1,2.501110429875553e-12,7.879108119612063e-05,biaffine,DeuParl (de)
60,d$_{head-final}$,1,2.9753977059954195e-14,0.0005053057099545,biaffine,DeuParl (de)
60,#Crossings,2,0.0166086663509097,0.0,biaffine,DeuParl (de)
60,Height$_{dependency}$,1,3.519747816627117e-05,0.0009615384615384,biaffine,DeuParl (de)
60,d$_{root}$,2,0.012920798889016,0.0,biaffine,DeuParl (de)
60,d$_{randomTree}$,0,0.2898544276822261,0.0,biaffine,DeuParl (de)
70,mDD,1,0.005847099275865,3.577582918493719e-05,biaffine,DeuParl (de)
70,nDD,2,6.487716028846791e-07,-4.914994633511158e-05,biaffine,DeuParl (de)
70,Height,1,4.196532006339737e-07,0.0,biaffine,DeuParl (de)
70,Ratio$_{head-final}$,2,0.0,-1.4761746405767376e-05,biaffine,DeuParl (de)
70,treeDegree,2,0.0,0.0,biaffine,DeuParl (de)
70,#Leaves,2,0.0,-0.0004115226337448,biaffine,DeuParl (de)
70,degreeVar,2,0.0,-8.08850537378092e-05,biaffine,DeuParl (de)
70,degreeMean,2,2.74680056477905e-10,0.0,biaffine,DeuParl (de)
70,depthVar,1,1.5948942517551856e-05,9.736610832258916e-05,biaffine,DeuParl (de)
70,depthMean,1,0.0,0.0001075897127268,biaffine,DeuParl (de)
70,d$_{head-final}$,1,0.0,0.0008032128514056,biaffine,DeuParl (de)
70,#Crossings,0,0.1620026609567375,0.0,biaffine,DeuParl (de)
70,Height$_{dependency}$,1,0.0060754736080907,0.0006402048655569,biaffine,DeuParl (de)
70,d$_{root}$,2,1.2976945381826256e-05,0.0,biaffine,DeuParl (de)
70,d$_{randomTree}$,0,0.8644154168678115,0.0,biaffine,DeuParl (de)
5,mDD,1,4.2410519540680986e-14,0.0,corenlp,DeuParl (de)
5,nDD,2,7.172040739078511e-14,-1.0170101488597051e-05,corenlp,DeuParl (de)
5,Height,2,5.958322724097798e-11,0.0,corenlp,DeuParl (de)
5,Ratio$_{head-final}$,0,0.5914662632888257,0.0,corenlp,DeuParl (de)
5,treeDegree,1,0.0,0.0,corenlp,DeuParl (de)
5,#Leaves,1,1.6431300764452317e-14,0.0,corenlp,DeuParl (de)
5,degreeVar,1,0.0,0.0,corenlp,DeuParl (de)
5,degreeMean,0,0.0556183872661397,0.0,corenlp,DeuParl (de)
5,depthVar,2,0.0,0.0,corenlp,DeuParl (de)
5,depthMean,2,4.669598041573407e-10,0.0,corenlp,DeuParl (de)
5,d$_{head-final}$,2,0.0003447151436106,0.0,corenlp,DeuParl (de)
5,#Crossings,0,1.0,0.0,corenlp,DeuParl (de)
5,Height$_{dependency}$,1,0.0144836639672978,0.0,corenlp,DeuParl (de)
5,d$_{root}$,0,0.2607057719354178,0.0,corenlp,DeuParl (de)
5,d$_{randomTree}$,0,0.3616793931800988,0.0,corenlp,DeuParl (de)
10,mDD,1,4.534741671058384e-08,5.255965520866164e-05,corenlp,DeuParl (de)
10,nDD,2,0.0318970027382812,-1.0504876060035584e-05,corenlp,DeuParl (de)
10,Height,2,0.0116875380493921,0.0,corenlp,DeuParl (de)
10,Ratio$_{head-final}$,1,0.0028370190676076,0.0,corenlp,DeuParl (de)
10,treeDegree,1,5.9749163471067845e-05,0.0,corenlp,DeuParl (de)
10,#Leaves,1,3.996651898319215e-10,0.0,corenlp,DeuParl (de)
10,degreeVar,1,9.012410684405837e-08,4.253472222222209e-05,corenlp,DeuParl (de)
10,degreeMean,1,0.000650869643751,0.0,corenlp,DeuParl (de)
10,depthVar,2,0.0012824396773039,-8.05255961876171e-06,corenlp,DeuParl (de)
10,depthMean,2,0.0098073994353591,0.0,corenlp,DeuParl (de)
10,d$_{head-final}$,2,0.0001807147065091,0.0,corenlp,DeuParl (de)
10,#Crossings,0,1.0,0.0,corenlp,DeuParl (de)
10,Height$_{dependency}$,1,0.0003158752396477,0.0,corenlp,DeuParl (de)
10,d$_{root}$,1,0.0292094998126781,0.0,corenlp,DeuParl (de)
10,d$_{randomTree}$,0,0.8849164535071423,0.0,corenlp,DeuParl (de)
15,mDD,1,0.0036061176270063,3.108959541818795e-05,corenlp,DeuParl (de)
15,nDD,0,0.5964284051671487,2.946693068841983e-06,corenlp,DeuParl (de)
15,Height,0,0.0548603246924326,0.0,corenlp,DeuParl (de)
15,Ratio$_{head-final}$,1,0.0133031459605788,4.943903179459393e-06,corenlp,DeuParl (de)
15,treeDegree,0,0.0527245258973623,0.0,corenlp,DeuParl (de)
15,#Leaves,1,0.004673432708099,0.0,corenlp,DeuParl (de)
15,degreeVar,1,0.043946558286565,6.433186361300094e-06,corenlp,DeuParl (de)
15,degreeMean,1,0.017984046091011,0.0,corenlp,DeuParl (de)
15,depthVar,2,0.0378009404328323,-1.3312942711925011e-05,corenlp,DeuParl (de)
15,depthMean,0,0.1331924100998156,0.0,corenlp,DeuParl (de)
15,d$_{head-final}$,2,0.0047951352378148,0.0,corenlp,DeuParl (de)
15,#Crossings,0,1.0,0.0,corenlp,DeuParl (de)
15,Height$_{dependency}$,1,0.0077697757033479,0.0,corenlp,DeuParl (de)
15,d$_{root}$,0,0.0616105400955744,0.0,corenlp,DeuParl (de)
15,d$_{randomTree}$,0,0.9143095419094948,0.0,corenlp,DeuParl (de)
20,mDD,1,0.0332145777061037,2.341701011614829e-05,corenlp,DeuParl (de)
20,nDD,0,0.2721765635675273,-7.681398561932965e-06,corenlp,DeuParl (de)
20,Height,0,0.6158842139542375,0.0,corenlp,DeuParl (de)
20,Ratio$_{head-final}$,0,0.9481396743021776,0.0,corenlp,DeuParl (de)
20,treeDegree,0,0.901127365717195,0.0,corenlp,DeuParl (de)
20,#Leaves,0,0.4245050771845189,0.0,corenlp,DeuParl (de)
20,degreeVar,0,0.9874689781893164,0.0,corenlp,DeuParl (de)
20,degreeMean,0,0.0889105174160516,0.0,corenlp,DeuParl (de)
20,depthVar,0,0.8498729883335916,8.208736655444068e-08,corenlp,DeuParl (de)
20,depthMean,0,0.6623072799035303,0.0,corenlp,DeuParl (de)
20,d$_{head-final}$,0,0.7717909971332417,0.0,corenlp,DeuParl (de)
20,#Crossings,0,1.0,0.0,corenlp,DeuParl (de)
20,Height$_{dependency}$,0,0.0960303985369672,0.0,corenlp,DeuParl (de)
20,d$_{root}$,0,0.8141547844861923,0.0,corenlp,DeuParl (de)
20,d$_{randomTree}$,0,0.827618204623426,0.0,corenlp,DeuParl (de)
30,mDD,1,0.0050253352315301,3.630730502977201e-05,corenlp,DeuParl (de)
30,nDD,2,0.0002686300567795,-3.0114941962056577e-05,corenlp,DeuParl (de)
30,Height,0,0.4687086231232609,0.0,corenlp,DeuParl (de)
30,Ratio$_{head-final}$,0,0.5516653980768198,-9.358012283399572e-07,corenlp,DeuParl (de)
30,treeDegree,0,0.8999821720308936,0.0,corenlp,DeuParl (de)
30,#Leaves,0,0.9583410017219172,0.0,corenlp,DeuParl (de)
30,degreeVar,0,0.6047498255594781,-6.186522876106735e-19,corenlp,DeuParl (de)
30,degreeMean,1,0.0037184378990136,0.0,corenlp,DeuParl (de)
30,depthVar,0,0.684590365661754,5.422120316652842e-06,corenlp,DeuParl (de)
30,depthMean,0,0.5621205915492822,3.1487386788623197e-06,corenlp,DeuParl (de)
30,d$_{head-final}$,0,0.5622327449497075,0.0,corenlp,DeuParl (de)
30,#Crossings,0,1.0,0.0,corenlp,DeuParl (de)
30,Height$_{dependency}$,0,0.1655762935489009,0.0,corenlp,DeuParl (de)
30,d$_{root}$,2,0.0110725232594008,0.0,corenlp,DeuParl (de)
30,d$_{randomTree}$,0,0.3461851761708696,0.0,corenlp,DeuParl (de)
40,mDD,1,0.0089894460703683,3.4736538459347234e-05,corenlp,DeuParl (de)
40,nDD,0,0.1721502907256553,-1.1791627396599096e-05,corenlp,DeuParl (de)
40,Height,0,0.0728570114861306,0.0,corenlp,DeuParl (de)
40,Ratio$_{head-final}$,2,0.0031502935230689,-4.433108700839574e-06,corenlp,DeuParl (de)
40,treeDegree,2,0.0073219116929563,0.0,corenlp,DeuParl (de)
40,#Leaves,2,0.005244645834753,0.0,corenlp,DeuParl (de)
40,degreeVar,2,0.008822788661623,-2.4260067928190116e-05,corenlp,DeuParl (de)
40,degreeMean,0,0.8610586517709702,0.0,corenlp,DeuParl (de)
40,depthVar,0,0.0512476996395863,3.751458323718628e-05,corenlp,DeuParl (de)
40,depthMean,1,0.0129380698330425,2.946953367017765e-05,corenlp,DeuParl (de)
40,d$_{head-final}$,1,0.0011276449604769,0.0,corenlp,DeuParl (de)
40,#Crossings,0,1.0,0.0,corenlp,DeuParl (de)
40,Height$_{dependency}$,1,0.0027164715331697,0.0003085467448318,corenlp,DeuParl (de)
40,d$_{root}$,0,0.6541406777625929,0.0,corenlp,DeuParl (de)
40,d$_{randomTree}$,0,0.4071457873265396,0.0,corenlp,DeuParl (de)
50,mDD,1,2.585512041952676e-05,5.7197285888372615e-05,corenlp,DeuParl (de)
50,nDD,2,0.0222341684898725,-2.044963787660846e-05,corenlp,DeuParl (de)
50,Height,0,0.3188798656308456,0.0,corenlp,DeuParl (de)
50,Ratio$_{head-final}$,2,0.0015247142506402,-4.44207533759771e-06,corenlp,DeuParl (de)
50,treeDegree,2,0.0286799079871635,0.0,corenlp,DeuParl (de)
50,#Leaves,2,0.0027929731960989,0.0,corenlp,DeuParl (de)
50,degreeVar,2,0.0005071877402129,-3.0568737155498e-05,corenlp,DeuParl (de)
50,degreeMean,0,0.7704416157995246,0.0,corenlp,DeuParl (de)
50,depthVar,0,0.2648308654774496,-2.675374366801476e-05,corenlp,DeuParl (de)
50,depthMean,0,0.84744678502813,1.4687038373693816e-06,corenlp,DeuParl (de)
50,d$_{head-final}$,1,0.0016572168134247,0.0,corenlp,DeuParl (de)
50,#Crossings,0,1.0,0.0,corenlp,DeuParl (de)
50,Height$_{dependency}$,1,3.203665251350074e-05,0.0006142506142506,corenlp,DeuParl (de)
50,d$_{root}$,0,0.3776865546016581,0.0,corenlp,DeuParl (de)
50,d$_{randomTree}$,0,0.2374876864059734,0.0,corenlp,DeuParl (de)
60,mDD,1,0.0231651776810317,3.163200426498968e-05,corenlp,DeuParl (de)
60,nDD,0,0.2009712434631438,-1.178037314174281e-05,corenlp,DeuParl (de)
60,Height,0,0.6443096653968141,0.0,corenlp,DeuParl (de)
60,Ratio$_{head-final}$,2,2.6257817253849683e-08,-7.235346187889808e-06,corenlp,DeuParl (de)
60,treeDegree,2,0.0316213618058116,0.0,corenlp,DeuParl (de)
60,#Leaves,2,1.4268424854080308e-05,0.0,corenlp,DeuParl (de)
60,degreeVar,2,1.3339295659164918e-06,-4.217263290157765e-05,corenlp,DeuParl (de)
60,degreeMean,0,0.3192285963049945,0.0,corenlp,DeuParl (de)
60,depthVar,0,0.6800155531076253,1.2470187789552792e-05,corenlp,DeuParl (de)
60,depthMean,0,0.1906497156356783,2.157847425299789e-05,corenlp,DeuParl (de)
60,d$_{head-final}$,1,1.1750866431015083e-06,0.0,corenlp,DeuParl (de)
60,#Crossings,0,1.0,0.0,corenlp,DeuParl (de)
60,Height$_{dependency}$,0,0.0528031088126956,0.0,corenlp,DeuParl (de)
60,d$_{root}$,0,0.5576659976668679,0.0,corenlp,DeuParl (de)
60,d$_{randomTree}$,0,0.935743193614032,0.0,corenlp,DeuParl (de)
70,mDD,0,0.0792098277158799,2.479129139405576e-05,corenlp,DeuParl (de)
70,nDD,0,0.0684746015222241,-1.7237438197460554e-05,corenlp,DeuParl (de)
70,Height,0,0.9015528657151896,0.0,corenlp,DeuParl (de)
70,Ratio$_{head-final}$,2,3.8034217997307e-09,-7.360947310116372e-06,corenlp,DeuParl (de)
70,treeDegree,2,6.167967667836116e-05,0.0,corenlp,DeuParl (de)
70,#Leaves,2,4.379464266790478e-07,0.0,corenlp,DeuParl (de)
70,degreeVar,2,3.606541731926427e-09,-4.871942895252075e-05,corenlp,DeuParl (de)
70,degreeMean,0,0.0543348761000852,0.0,corenlp,DeuParl (de)
70,depthVar,0,0.5276271234006695,-2.330294145641319e-05,corenlp,DeuParl (de)
70,depthMean,0,0.1869218963041303,2.5637774949944167e-05,corenlp,DeuParl (de)
70,d$_{head-final}$,1,1.2648548874949483e-11,0.0004428697962798,corenlp,DeuParl (de)
70,#Crossings,0,1.0,0.0,corenlp,DeuParl (de)
70,Height$_{dependency}$,0,0.17784970124798,0.0,corenlp,DeuParl (de)
70,d$_{root}$,0,0.1376635144083677,0.0,corenlp,DeuParl (de)
70,d$_{randomTree}$,0,0.0965309982576556,0.0,corenlp,DeuParl (de)
5,mDD,1,2.220446049250313e-16,2.308802378030469e-05,stackpointer,DeuParl (de)
5,nDD,2,0.0,-1.78347555898765e-05,stackpointer,DeuParl (de)
5,Height,2,1.8805401680310748e-11,0.0,stackpointer,DeuParl (de)
5,Ratio$_{head-final}$,0,0.7752070468235561,0.0,stackpointer,DeuParl (de)
5,treeDegree,1,0.0,0.0,stackpointer,DeuParl (de)
5,#Leaves,1,0.0,0.0,stackpointer,DeuParl (de)
5,degreeVar,1,0.0,6.326880779147196e-05,stackpointer,DeuParl (de)
5,degreeMean,1,0.0487422440599336,0.0,stackpointer,DeuParl (de)
5,depthVar,2,0.0,-2.648655807177808e-06,stackpointer,DeuParl (de)
5,depthMean,2,6.306066779870889e-14,0.0,stackpointer,DeuParl (de)
5,d$_{head-final}$,2,2.434156791242259e-06,0.0,stackpointer,DeuParl (de)
5,#Crossings,0,1.0,0.0,stackpointer,DeuParl (de)
5,Height$_{dependency}$,1,0.0096302484680261,0.0,stackpointer,DeuParl (de)
5,d$_{root}$,0,0.8139683149073205,0.0,stackpointer,DeuParl (de)
5,d$_{randomTree}$,0,0.1825739509382349,0.0,stackpointer,DeuParl (de)
10,mDD,1,1.685995787426009e-09,5.868544600938973e-05,stackpointer,DeuParl (de)
10,nDD,2,2.5176445688002147e-05,-2.062675369501804e-05,stackpointer,DeuParl (de)
10,Height,0,0.4856292404539022,0.0,stackpointer,DeuParl (de)
10,Ratio$_{head-final}$,0,0.130153135084746,0.0,stackpointer,DeuParl (de)
10,treeDegree,1,0.0023820423059739,0.0,stackpointer,DeuParl (de)
10,#Leaves,1,1.4710609841372957e-08,0.0,stackpointer,DeuParl (de)
10,degreeVar,1,7.499026642987516e-06,2.3869840080946523e-05,stackpointer,DeuParl (de)
10,degreeMean,1,0.0015987670892856,0.0,stackpointer,DeuParl (de)
10,depthVar,0,0.3647337541735846,0.0,stackpointer,DeuParl (de)
10,depthMean,0,0.1511327356982053,0.0,stackpointer,DeuParl (de)
10,d$_{head-final}$,2,0.004708478965034,0.0,stackpointer,DeuParl (de)
10,#Crossings,2,0.0246375285485513,0.0,stackpointer,DeuParl (de)
10,Height$_{dependency}$,1,0.0045455253683901,0.0,stackpointer,DeuParl (de)
10,d$_{root}$,0,0.26596237871305,0.0,stackpointer,DeuParl (de)
10,d$_{randomTree}$,0,0.6800739544424224,0.0,stackpointer,DeuParl (de)
15,mDD,1,0.0092340426337669,2.7345939816698785e-05,stackpointer,DeuParl (de)
15,nDD,0,0.7937592486844878,-1.0410211862466338e-06,stackpointer,DeuParl (de)
15,Height,0,0.935066954990492,0.0,stackpointer,DeuParl (de)
15,Ratio$_{head-final}$,0,0.6249213292370333,0.0,stackpointer,DeuParl (de)
15,treeDegree,0,0.2994994132723567,0.0,stackpointer,DeuParl (de)
15,#Leaves,0,0.221133293244538,0.0,stackpointer,DeuParl (de)
15,degreeVar,0,0.9294417348737358,0.0,stackpointer,DeuParl (de)
15,degreeMean,0,0.0598234556962806,0.0,stackpointer,DeuParl (de)
15,depthVar,0,0.907637602091804,0.0,stackpointer,DeuParl (de)
15,depthMean,0,0.9761311538963422,0.0,stackpointer,DeuParl (de)
15,d$_{head-final}$,0,0.3126584750352674,0.0,stackpointer,DeuParl (de)
15,#Crossings,2,0.0415281624860137,0.0,stackpointer,DeuParl (de)
15,Height$_{dependency}$,0,0.0808423757017342,0.0,stackpointer,DeuParl (de)
15,d$_{root}$,0,0.2535646480180413,0.0,stackpointer,DeuParl (de)
15,d$_{randomTree}$,0,0.7900432865231728,0.0,stackpointer,DeuParl (de)
20,mDD,1,0.0120282986038029,2.7917364600781587e-05,stackpointer,DeuParl (de)
20,nDD,0,0.0585178379914792,-1.2741995419154953e-05,stackpointer,DeuParl (de)
20,Height,0,0.9509257043855286,0.0,stackpointer,DeuParl (de)
20,Ratio$_{head-final}$,0,0.4824536028819204,-6.417661404183694e-07,stackpointer,DeuParl (de)
20,treeDegree,2,0.0061954803877568,0.0,stackpointer,DeuParl (de)
20,#Leaves,2,0.0199930319464947,0.0,stackpointer,DeuParl (de)
20,degreeVar,2,0.0168939882238547,-1.6041191703952393e-05,stackpointer,DeuParl (de)
20,degreeMean,0,0.5312050964020669,0.0,stackpointer,DeuParl (de)
20,depthVar,0,0.3227990388586672,-8.456228883104747e-06,stackpointer,DeuParl (de)
20,depthMean,0,0.87579325105101,0.0,stackpointer,DeuParl (de)
20,d$_{head-final}$,0,0.5056341721014965,0.0,stackpointer,DeuParl (de)
20,#Crossings,2,0.0062874876120153,0.0,stackpointer,DeuParl (de)
20,Height$_{dependency}$,0,0.3878955574496046,0.0,stackpointer,DeuParl (de)
20,d$_{root}$,0,0.7322320463749263,0.0,stackpointer,DeuParl (de)
20,d$_{randomTree}$,0,0.5744474202403576,0.0,stackpointer,DeuParl (de)
30,mDD,0,0.1763730647323316,1.5827793605571222e-05,stackpointer,DeuParl (de)
30,nDD,2,0.0307160351025246,-1.689810685865767e-05,stackpointer,DeuParl (de)
30,Height,1,6.489668119247227e-05,0.0,stackpointer,DeuParl (de)
30,Ratio$_{head-final}$,2,4.004774329735561e-05,-5.799387241822281e-06,stackpointer,DeuParl (de)
30,treeDegree,2,2.632901360266615e-06,0.0,stackpointer,DeuParl (de)
30,#Leaves,2,0.0004813966133763,0.0,stackpointer,DeuParl (de)
30,degreeVar,2,1.970434468256954e-06,-4.391924630302704e-05,stackpointer,DeuParl (de)
30,degreeMean,0,0.3341257368664529,0.0,stackpointer,DeuParl (de)
30,depthVar,1,0.0001786228996305,4.975443076859786e-05,stackpointer,DeuParl (de)
30,depthMean,1,1.2640633983984628e-07,4.301024755144792e-05,stackpointer,DeuParl (de)
30,d$_{head-final}$,1,3.699868345474755e-06,0.0,stackpointer,DeuParl (de)
30,#Crossings,0,0.7163947207694661,0.0,stackpointer,DeuParl (de)
30,Height$_{dependency}$,1,0.0020235324262702,0.0003457814661134,stackpointer,DeuParl (de)
30,d$_{root}$,0,0.0871541473633426,0.0,stackpointer,DeuParl (de)
30,d$_{randomTree}$,0,0.7114234845121346,0.0,stackpointer,DeuParl (de)
40,mDD,1,0.0003459379967656,4.443350696580693e-05,stackpointer,DeuParl (de)
40,nDD,0,0.2059521904019976,-1.0702424480371234e-05,stackpointer,DeuParl (de)
40,Height,1,0.0011920371885456,0.0,stackpointer,DeuParl (de)
40,Ratio$_{head-final}$,2,3.874611742560319e-11,-8.386202873185987e-06,stackpointer,DeuParl (de)
40,treeDegree,2,2.456096908076688e-07,0.0,stackpointer,DeuParl (de)
40,#Leaves,2,6.019629239517599e-13,0.0,stackpointer,DeuParl (de)
40,degreeVar,2,8.629732484166651e-10,-5.590594838906339e-05,stackpointer,DeuParl (de)
40,degreeMean,2,0.0032183977137791,0.0,stackpointer,DeuParl (de)
40,depthVar,1,0.0024125344701282,5.00140601557294e-05,stackpointer,DeuParl (de)
40,depthMean,1,4.3978136990086014e-05,3.836407705867543e-05,stackpointer,DeuParl (de)
40,d$_{head-final}$,1,6.730305202040654e-11,0.0,stackpointer,DeuParl (de)
40,#Crossings,0,0.2775177877225503,0.0,stackpointer,DeuParl (de)
40,Height$_{dependency}$,1,2.8407444063738296e-07,0.0008267879288962,stackpointer,DeuParl (de)
40,d$_{root}$,0,0.9848534451822148,0.0,stackpointer,DeuParl (de)
40,d$_{randomTree}$,0,0.7880953973727289,0.0,stackpointer,DeuParl (de)
50,mDD,1,0.0044527310027955,3.753661777112542e-05,stackpointer,DeuParl (de)
50,nDD,0,0.7353387469349175,-3.095444490598925e-06,stackpointer,DeuParl (de)
50,Height,1,0.0013873352231292,0.0,stackpointer,DeuParl (de)
50,Ratio$_{head-final}$,2,4.072298054325074e-13,-8.678571366295826e-06,stackpointer,DeuParl (de)
50,treeDegree,2,5.05172426112921e-08,0.0,stackpointer,DeuParl (de)
50,#Leaves,2,1.2136958105202213e-12,0.0,stackpointer,DeuParl (de)
50,degreeVar,2,4.6874726322698734e-11,-6.01695210372277e-05,stackpointer,DeuParl (de)
50,degreeMean,2,7.639478882648376e-05,0.0,stackpointer,DeuParl (de)
50,depthVar,1,0.0095045096558021,5.1928233380061805e-05,stackpointer,DeuParl (de)
50,depthMean,1,1.1103634566467235e-05,4.738266519719053e-05,stackpointer,DeuParl (de)
50,d$_{head-final}$,1,2.3502977342104717e-11,0.0,stackpointer,DeuParl (de)
50,#Crossings,0,0.1036521709285251,0.0,stackpointer,DeuParl (de)
50,Height$_{dependency}$,1,1.484684597263808e-06,0.0009086778736937,stackpointer,DeuParl (de)
50,d$_{root}$,0,0.5365108944569923,0.0,stackpointer,DeuParl (de)
50,d$_{randomTree}$,0,0.1210360624622666,0.0,stackpointer,DeuParl (de)
60,mDD,1,0.0324380415035892,3.0104961297621517e-05,stackpointer,DeuParl (de)
60,nDD,0,0.3389187381748071,-9.68989788433942e-06,stackpointer,DeuParl (de)
60,Height,1,9.6580367703325e-07,0.0,stackpointer,DeuParl (de)
60,Ratio$_{head-final}$,2,0.0,-1.2609241597688806e-05,stackpointer,DeuParl (de)
60,treeDegree,2,4.7395420921247926e-11,0.0,stackpointer,DeuParl (de)
60,#Leaves,2,0.0,0.0,stackpointer,DeuParl (de)
60,degreeVar,2,0.0,-8.060290976504256e-05,stackpointer,DeuParl (de)
60,degreeMean,2,1.7186753920039877e-06,0.0,stackpointer,DeuParl (de)
60,depthVar,1,1.8454719308280687e-06,0.0001099482902546,stackpointer,DeuParl (de)
60,depthMean,1,4.187805657807076e-11,7.81427812760789e-05,stackpointer,DeuParl (de)
60,d$_{head-final}$,1,0.0,0.0005790387955993,stackpointer,DeuParl (de)
60,#Crossings,0,0.8830317287644054,0.0,stackpointer,DeuParl (de)
60,Height$_{dependency}$,1,1.1180907111274509e-07,0.001101321585903,stackpointer,DeuParl (de)
60,d$_{root}$,0,0.6216590743604102,0.0,stackpointer,DeuParl (de)
60,d$_{randomTree}$,0,0.2713618116846987,0.0,stackpointer,DeuParl (de)
70,mDD,0,0.1903613816989779,2.0017863398439297e-05,stackpointer,DeuParl (de)
70,nDD,0,0.3247468372962769,-1.10872817255668e-05,stackpointer,DeuParl (de)
70,Height,1,0.0002041915454908,0.0,stackpointer,DeuParl (de)
70,Ratio$_{head-final}$,2,0.0,-1.4652934773507609e-05,stackpointer,DeuParl (de)
70,treeDegree,2,3.058714170833809e-09,0.0,stackpointer,DeuParl (de)
70,#Leaves,2,0.0,-0.000455373406193,stackpointer,DeuParl (de)
70,degreeVar,2,0.0,-8.650785263742635e-05,stackpointer,DeuParl (de)
70,degreeMean,2,1.701857240021809e-06,0.0,stackpointer,DeuParl (de)
70,depthVar,1,0.000131170079757,9.887216304159796e-05,stackpointer,DeuParl (de)
70,depthMean,1,6.539668806482267e-10,7.992849901822668e-05,stackpointer,DeuParl (de)
70,d$_{head-final}$,1,0.0,0.0008488964346349,stackpointer,DeuParl (de)
70,#Crossings,0,0.1018863124822078,0.0,stackpointer,DeuParl (de)
70,Height$_{dependency}$,1,0.0379167863902272,0.0003685956505713,stackpointer,DeuParl (de)
70,d$_{root}$,0,0.5270065067798713,0.0,stackpointer,DeuParl (de)
70,d$_{randomTree}$,0,0.779787658228688,0.0,stackpointer,DeuParl (de)
5,mDD,1,2.220446049250313e-16,1.968503937007876e-05,towerparse,DeuParl (de)
5,nDD,2,0.0,-1.8336323643895987e-05,towerparse,DeuParl (de)
5,Height,2,9.492939767596907e-11,0.0,towerparse,DeuParl (de)
5,Ratio$_{head-final}$,0,0.4321076637637095,0.0,towerparse,DeuParl (de)
5,treeDegree,1,0.0,0.0,towerparse,DeuParl (de)
5,#Leaves,1,0.0,0.0,towerparse,DeuParl (de)
5,degreeVar,1,0.0,5.924932459162527e-05,towerparse,DeuParl (de)
5,degreeMean,1,0.034457241812591,0.0,towerparse,DeuParl (de)
5,depthVar,2,0.0,-5.271714266976052e-20,towerparse,DeuParl (de)
5,depthMean,2,3.2709390751506358e-12,0.0,towerparse,DeuParl (de)
5,d$_{head-final}$,2,0.0001487831383826,0.0,towerparse,DeuParl (de)
5,#Crossings,0,0.1806379819308003,0.0,towerparse,DeuParl (de)
5,Height$_{dependency}$,1,0.0121006033222839,0.0,towerparse,DeuParl (de)
5,d$_{root}$,0,0.8962417359879464,0.0,towerparse,DeuParl (de)
5,d$_{randomTree}$,0,0.9190546671031664,0.0,towerparse,DeuParl (de)
10,mDD,1,3.2886289247358036e-09,5.9573454068867074e-05,towerparse,DeuParl (de)
10,nDD,2,0.0001683064544146,-1.928708234653723e-05,towerparse,DeuParl (de)
10,Height,0,0.6402106829568881,0.0,towerparse,DeuParl (de)
10,Ratio$_{head-final}$,0,0.1159454019647638,0.0,towerparse,DeuParl (de)
10,treeDegree,1,0.0009040810570744,0.0,towerparse,DeuParl (de)
10,#Leaves,1,2.9677913460091077e-09,0.0,towerparse,DeuParl (de)
10,degreeVar,1,8.188099666073256e-06,2.5815143678680457e-05,towerparse,DeuParl (de)
10,degreeMean,1,0.0005665063237856,0.0,towerparse,DeuParl (de)
10,depthVar,0,0.9875005010821484,0.0,towerparse,DeuParl (de)
10,depthMean,0,0.5261235526930466,0.0,towerparse,DeuParl (de)
10,d$_{head-final}$,0,0.1141913015586655,0.0,towerparse,DeuParl (de)
10,#Crossings,0,0.0761374895433932,0.0,towerparse,DeuParl (de)
10,Height$_{dependency}$,1,0.0005987695017213,0.0,towerparse,DeuParl (de)
10,d$_{root}$,0,0.1294536795146106,0.0,towerparse,DeuParl (de)
10,d$_{randomTree}$,0,0.922609803301588,0.0,towerparse,DeuParl (de)
15,mDD,1,0.0164662860221636,2.6513946335772523e-05,towerparse,DeuParl (de)
15,nDD,0,0.891570734607102,3.1324869253974845e-07,towerparse,DeuParl (de)
15,Height,0,0.8220971449206875,0.0,towerparse,DeuParl (de)
15,Ratio$_{head-final}$,0,0.8846696517661585,0.0,towerparse,DeuParl (de)
15,treeDegree,0,0.5956000347815209,0.0,towerparse,DeuParl (de)
15,#Leaves,0,0.065999390815121,0.0,towerparse,DeuParl (de)
15,degreeVar,0,0.8241152167530721,0.0,towerparse,DeuParl (de)
15,degreeMean,1,0.0135314861857072,0.0,towerparse,DeuParl (de)
15,depthVar,0,0.9943685539785124,0.0,towerparse,DeuParl (de)
15,depthMean,0,0.521424117477812,0.0,towerparse,DeuParl (de)
15,d$_{head-final}$,0,0.3211834247734959,0.0,towerparse,DeuParl (de)
15,#Crossings,2,0.0001522412952781,0.0,towerparse,DeuParl (de)
15,Height$_{dependency}$,1,0.0157695980211785,0.0,towerparse,DeuParl (de)
15,d$_{root}$,0,0.2222328507051032,0.0,towerparse,DeuParl (de)
15,d$_{randomTree}$,0,0.661591812298082,0.0,towerparse,DeuParl (de)
20,mDD,1,0.0408706715588811,2.4081298463613072e-05,towerparse,DeuParl (de)
20,nDD,2,0.0453645161581564,-1.4420704270897842e-05,towerparse,DeuParl (de)
20,Height,0,0.2308460348230721,0.0,towerparse,DeuParl (de)
20,Ratio$_{head-final}$,2,0.0263649706169046,-3.927020255570519e-06,towerparse,DeuParl (de)
20,treeDegree,2,0.0011360761419003,0.0,towerparse,DeuParl (de)
20,#Leaves,0,0.0934401976185219,0.0,towerparse,DeuParl (de)
20,degreeVar,2,0.0010652493666594,-3.2594342624412e-05,towerparse,DeuParl (de)
20,degreeMean,0,0.1242829037188988,0.0,towerparse,DeuParl (de)
20,depthVar,0,0.8110139724564078,6.802721088434715e-07,towerparse,DeuParl (de)
20,depthMean,1,0.0289490180092855,1.1579434923575689e-05,towerparse,DeuParl (de)
20,d$_{head-final}$,0,0.6718631374222752,0.0,towerparse,DeuParl (de)
20,#Crossings,2,0.0009752052671412,0.0,towerparse,DeuParl (de)
20,Height$_{dependency}$,1,0.0493530697485797,0.0,towerparse,DeuParl (de)
20,d$_{root}$,0,0.4413293552800046,0.0,towerparse,DeuParl (de)
20,d$_{randomTree}$,0,0.8874645776483501,0.0,towerparse,DeuParl (de)
30,mDD,0,0.773692223024538,0.0,towerparse,DeuParl (de)
30,nDD,2,0.0072240190732915,-2.285968708390467e-05,towerparse,DeuParl (de)
30,Height,1,1.6479924116463709e-06,0.0,towerparse,DeuParl (de)
30,Ratio$_{head-final}$,2,2.1480899281556276e-09,-9.089406709634762e-06,towerparse,DeuParl (de)
30,treeDegree,2,1.3432588374939767e-11,0.0,towerparse,DeuParl (de)
30,#Leaves,2,0.0003573459261276,0.0,towerparse,DeuParl (de)
30,degreeVar,2,1.0502709812953981e-13,-7.616146230007568e-05,towerparse,DeuParl (de)
30,degreeMean,0,0.1292069236418234,0.0,towerparse,DeuParl (de)
30,depthVar,1,1.712296099753985e-05,6.226587203667177e-05,towerparse,DeuParl (de)
30,depthMean,1,1.354409917553312e-10,5.809090064132385e-05,towerparse,DeuParl (de)
30,d$_{head-final}$,1,5.2989768128952626e-08,0.0,towerparse,DeuParl (de)
30,#Crossings,0,0.8693585994332889,0.0,towerparse,DeuParl (de)
30,Height$_{dependency}$,1,0.0277435927163602,0.0,towerparse,DeuParl (de)
30,d$_{root}$,2,0.0065203628365253,0.0,towerparse,DeuParl (de)
30,d$_{randomTree}$,0,0.8000961672461175,0.0,towerparse,DeuParl (de)
40,mDD,1,0.0018588950794082,4.553038231536759e-05,towerparse,DeuParl (de)
40,nDD,0,0.4579765590929558,-7.1751283834029e-06,towerparse,DeuParl (de)
40,Height,0,0.2420987824133482,0.0,towerparse,DeuParl (de)
40,Ratio$_{head-final}$,2,5.367264410693906e-10,-8.640945665097135e-06,towerparse,DeuParl (de)
40,treeDegree,2,1.2572165530855271e-11,0.0,towerparse,DeuParl (de)
40,#Leaves,2,2.731038750702908e-08,0.0,towerparse,DeuParl (de)
40,degreeVar,2,7.003286839335487e-13,-7.561773545750178e-05,towerparse,DeuParl (de)
40,degreeMean,0,0.1666230702153734,0.0,towerparse,DeuParl (de)
40,depthVar,0,0.1318596952492308,2.754787634305967e-05,towerparse,DeuParl (de)
40,depthMean,1,0.000164740692935,3.964810415719176e-05,towerparse,DeuParl (de)
40,d$_{head-final}$,1,6.151449488367433e-05,0.0,towerparse,DeuParl (de)
40,#Crossings,0,0.2972767689216546,0.0,towerparse,DeuParl (de)
40,Height$_{dependency}$,1,0.0001057673410636,0.0007446016381236,towerparse,DeuParl (de)
40,d$_{root}$,0,0.8397448619350163,0.0,towerparse,DeuParl (de)
40,d$_{randomTree}$,0,0.077132517420972,0.0,towerparse,DeuParl (de)
50,mDD,1,0.0089316238113945,4.306422169966533e-05,towerparse,DeuParl (de)
50,nDD,0,0.8274722822686971,-2.3667059333157806e-06,towerparse,DeuParl (de)
50,Height,1,0.0007721874835342,0.0,towerparse,DeuParl (de)
50,Ratio$_{head-final}$,2,3.552713678800501e-15,-1.0505264135926547e-05,towerparse,DeuParl (de)
50,treeDegree,2,5.6485482957668864e-11,0.0,towerparse,DeuParl (de)
50,#Leaves,2,1.0671238115378401e-08,0.0,towerparse,DeuParl (de)
50,degreeVar,2,3.1308289294429414e-14,-8.085164749984534e-05,towerparse,DeuParl (de)
50,degreeMean,0,0.1002469094651723,0.0,towerparse,DeuParl (de)
50,depthVar,1,0.0009205811027435,7.528493268061336e-05,towerparse,DeuParl (de)
50,depthMean,1,5.053379936725833e-10,7.733549109762303e-05,towerparse,DeuParl (de)
50,d$_{head-final}$,1,1.1493899165770928e-08,0.0,towerparse,DeuParl (de)
50,#Crossings,0,0.2118735974266075,0.0,towerparse,DeuParl (de)
50,Height$_{dependency}$,1,5.975646311107141e-08,0.0014336917562724,towerparse,DeuParl (de)
50,d$_{root}$,0,0.5619629842471625,0.0,towerparse,DeuParl (de)
50,d$_{randomTree}$,0,0.5194284481936828,0.0,towerparse,DeuParl (de)
60,mDD,1,0.0257134045019948,3.907903120670298e-05,towerparse,DeuParl (de)
60,nDD,2,0.0160400890569034,-3.0157671905758627e-05,towerparse,DeuParl (de)
60,Height,1,0.0003271661041082,0.0,towerparse,DeuParl (de)
60,Ratio$_{head-final}$,2,0.0,-1.4331722448281215e-05,towerparse,DeuParl (de)
60,treeDegree,2,7.327471962526033e-15,0.0,towerparse,DeuParl (de)
60,#Leaves,2,2.664535259100376e-15,0.0,towerparse,DeuParl (de)
60,degreeVar,2,0.0,-0.0001071178058237,towerparse,DeuParl (de)
60,degreeMean,2,0.0023064107316028,0.0,towerparse,DeuParl (de)
60,depthVar,1,0.0001519825704072,0.0001004082411873,towerparse,DeuParl (de)
60,depthMean,1,4.256106578282015e-11,9.367212208067115e-05,towerparse,DeuParl (de)
60,d$_{head-final}$,1,2.371476348628221e-10,0.0005656108597285,towerparse,DeuParl (de)
60,#Crossings,0,0.0901414578627231,0.0,towerparse,DeuParl (de)
60,Height$_{dependency}$,1,0.0001919179431606,0.0011269722013523,towerparse,DeuParl (de)
60,d$_{root}$,0,0.060377925036156,0.0,towerparse,DeuParl (de)
60,d$_{randomTree}$,0,0.2074908516020435,0.0,towerparse,DeuParl (de)
70,mDD,0,0.1381667772711361,2.5905568570913685e-05,towerparse,DeuParl (de)
70,nDD,2,0.0058358313987485,-3.676568108740243e-05,towerparse,DeuParl (de)
70,Height,1,1.9243365756427262e-06,0.0,towerparse,DeuParl (de)
70,Ratio$_{head-final}$,2,0.0,-1.645933415037743e-05,towerparse,DeuParl (de)
70,treeDegree,2,1.5765166949677225e-13,0.0,towerparse,DeuParl (de)
70,#Leaves,2,0.0,-0.0004593477262287,towerparse,DeuParl (de)
70,degreeVar,2,0.0,-0.0001114714496309,towerparse,DeuParl (de)
70,degreeMean,2,0.0012060129288098,0.0,towerparse,DeuParl (de)
70,depthVar,1,4.315210668281999e-05,0.0001161914632951,towerparse,DeuParl (de)
70,depthMean,1,2.886579864025407e-15,0.0001172685651998,towerparse,DeuParl (de)
70,d$_{head-final}$,1,1.3500933326859865e-07,0.0006839945280437,towerparse,DeuParl (de)
70,#Crossings,2,0.0411690931833166,0.0,towerparse,DeuParl (de)
70,Height$_{dependency}$,1,0.0223296956574348,0.0007404664938911,towerparse,DeuParl (de)
70,d$_{root}$,2,0.0142288581794689,0.0,towerparse,DeuParl (de)
70,d$_{randomTree}$,0,0.5133850032320961,0.0,towerparse,DeuParl (de)
5,mDD,1,0.0,2.426006792819022e-05,crf2o,DeuParl (de)
5,nDD,2,0.0,-1.7443543683115268e-05,crf2o,DeuParl (de)
5,Height,2,1.881161892924865e-12,0.0,crf2o,DeuParl (de)
5,Ratio$_{head-final}$,0,0.8269612265225108,0.0,crf2o,DeuParl (de)
5,treeDegree,1,0.0,0.0,crf2o,DeuParl (de)
5,#Leaves,1,0.0,0.0,crf2o,DeuParl (de)
5,degreeVar,1,0.0,6.79131333067724e-05,crf2o,DeuParl (de)
5,degreeMean,0,0.0511536242393726,0.0,crf2o,DeuParl (de)
5,depthVar,2,0.0,-5.65450947130326e-06,crf2o,DeuParl (de)
5,depthMean,2,2.930988785010413e-14,0.0,crf2o,DeuParl (de)
5,d$_{head-final}$,2,1.3953279642819894e-08,0.0,crf2o,DeuParl (de)
5,#Crossings,0,1.0,0.0,crf2o,DeuParl (de)
5,Height$_{dependency}$,1,0.0055361746558115,0.0,crf2o,DeuParl (de)
5,d$_{root}$,0,0.5850030032442164,0.0,crf2o,DeuParl (de)
5,d$_{randomTree}$,0,0.177089372059739,0.0,crf2o,DeuParl (de)
10,mDD,1,4.156675004196586e-13,7.39584857642898e-05,crf2o,DeuParl (de)
10,nDD,2,3.08116344713838e-05,-2.117580831565281e-05,crf2o,DeuParl (de)
10,Height,2,0.0010497282121832,0.0,crf2o,DeuParl (de)
10,Ratio$_{head-final}$,1,0.0101764086524605,0.0,crf2o,DeuParl (de)
10,treeDegree,1,5.568387766441418e-07,0.0,crf2o,DeuParl (de)
10,#Leaves,1,6.550315845288425e-14,0.0,crf2o,DeuParl (de)
10,degreeVar,1,1.2045142661065708e-10,6.109419922205298e-05,crf2o,DeuParl (de)
10,degreeMean,1,0.0014821340417703,0.0,crf2o,DeuParl (de)
10,depthVar,2,0.0008082304159899,-7.4521756626847215e-06,crf2o,DeuParl (de)
10,depthMean,2,0.0009480578501794,-5.318215499204552e-06,crf2o,DeuParl (de)
10,d$_{head-final}$,2,0.0005708443777885,0.0,crf2o,DeuParl (de)
10,#Crossings,0,0.9612269889677204,0.0,crf2o,DeuParl (de)
10,Height$_{dependency}$,1,0.0004732853094417,0.0,crf2o,DeuParl (de)
10,d$_{root}$,1,0.0312529922742024,0.0,crf2o,DeuParl (de)
10,d$_{randomTree}$,0,0.9939839623819549,0.0,crf2o,DeuParl (de)
15,mDD,1,0.0017778758424225,3.386983148858539e-05,crf2o,DeuParl (de)
15,nDD,0,0.6709005976106956,2.1927487584330204e-06,crf2o,DeuParl (de)
15,Height,0,0.3270025586946916,0.0,crf2o,DeuParl (de)
15,Ratio$_{head-final}$,0,0.3760416874750092,0.0,crf2o,DeuParl (de)
15,treeDegree,0,0.5065099700731701,0.0,crf2o,DeuParl (de)
15,#Leaves,0,0.210058058086896,0.0,crf2o,DeuParl (de)
15,degreeVar,0,0.447624807639416,0.0,crf2o,DeuParl (de)
15,degreeMean,0,0.0617987030340705,0.0,crf2o,DeuParl (de)
15,depthVar,0,0.1228569520485232,-8.299514187668266e-06,crf2o,DeuParl (de)
15,depthMean,0,0.0703118901185766,-2.8156245213299084e-06,crf2o,DeuParl (de)
15,d$_{head-final}$,0,0.2594273402136442,0.0,crf2o,DeuParl (de)
15,#Crossings,0,0.4225659593942688,0.0,crf2o,DeuParl (de)
15,Height$_{dependency}$,0,0.0707046697036348,0.0,crf2o,DeuParl (de)
15,d$_{root}$,1,0.0384934866104491,0.0,crf2o,DeuParl (de)
15,d$_{randomTree}$,0,0.7029352129972557,0.0,crf2o,DeuParl (de)
20,mDD,1,0.0030625250709446,3.36519046978055e-05,crf2o,DeuParl (de)
20,nDD,0,0.18021383263862,-9.17975322241039e-06,crf2o,DeuParl (de)
20,Height,0,0.2660542396983758,0.0,crf2o,DeuParl (de)
20,Ratio$_{head-final}$,0,0.4089689490787607,-1.0602205258693347e-06,crf2o,DeuParl (de)
20,treeDegree,0,0.056197978545496,0.0,crf2o,DeuParl (de)
20,#Leaves,2,0.0393608701367704,0.0,crf2o,DeuParl (de)
20,degreeVar,0,0.06201762643723,-1.05178401987321e-05,crf2o,DeuParl (de)
20,degreeMean,0,0.5836896804226335,0.0,crf2o,DeuParl (de)
20,depthVar,0,0.903820737108174,4.4021531507738166e-20,crf2o,DeuParl (de)
20,depthMean,0,0.8013235795448277,0.0,crf2o,DeuParl (de)
20,d$_{head-final}$,0,0.4335963105302025,0.0,crf2o,DeuParl (de)
20,#Crossings,0,0.1898187057748273,0.0,crf2o,DeuParl (de)
20,Height$_{dependency}$,0,0.0794366131854131,0.0,crf2o,DeuParl (de)
20,d$_{root}$,0,0.5908932456426281,0.0,crf2o,DeuParl (de)
20,d$_{randomTree}$,0,0.4274626713658302,0.0,crf2o,DeuParl (de)
30,mDD,0,0.1666716310729725,1.623546575998332e-05,crf2o,DeuParl (de)
30,nDD,0,0.1069079848912828,-1.280241764989836e-05,crf2o,DeuParl (de)
30,Height,1,0.0033041605151222,0.0,crf2o,DeuParl (de)
30,Ratio$_{head-final}$,2,7.442887878572613e-05,-5.799920449517006e-06,crf2o,DeuParl (de)
30,treeDegree,2,3.6142145119377744e-05,0.0,crf2o,DeuParl (de)
30,#Leaves,2,0.0027180314064321,0.0,crf2o,DeuParl (de)
30,degreeVar,2,5.6193546607019584e-06,-4.37335288463269e-05,crf2o,DeuParl (de)
30,degreeMean,0,0.3939896623266246,0.0,crf2o,DeuParl (de)
30,depthVar,1,0.0059268201389488,3.4460984436893066e-05,crf2o,DeuParl (de)
30,depthMean,1,4.988828113505761e-05,3.2021912841279505e-05,crf2o,DeuParl (de)
30,d$_{head-final}$,1,9.012003841402104e-06,0.0,crf2o,DeuParl (de)
30,#Crossings,0,0.2252231456642766,0.0,crf2o,DeuParl (de)
30,Height$_{dependency}$,1,0.0344503104533273,0.0,crf2o,DeuParl (de)
30,d$_{root}$,0,0.3375206517799198,0.0,crf2o,DeuParl (de)
30,d$_{randomTree}$,0,0.8339970187717651,0.0,crf2o,DeuParl (de)
40,mDD,1,0.0374505387466355,2.56543461679752e-05,crf2o,DeuParl (de)
40,nDD,0,0.8889024361509223,-1.1283107175105532e-06,crf2o,DeuParl (de)
40,Height,1,2.7757561693597665e-07,0.0,crf2o,DeuParl (de)
40,Ratio$_{head-final}$,2,2.3525403847202145e-11,-8.647020811662578e-06,crf2o,DeuParl (de)
40,treeDegree,2,2.154795897268968e-09,0.0,crf2o,DeuParl (de)
40,#Leaves,2,6.715961120562497e-12,0.0,crf2o,DeuParl (de)
40,degreeVar,2,7.454592498845614e-11,-5.951014070625656e-05,crf2o,DeuParl (de)
40,degreeMean,2,0.0017222991840373,0.0,crf2o,DeuParl (de)
40,depthVar,1,4.047642687687869e-08,8.498612412242049e-05,crf2o,DeuParl (de)
40,depthMean,1,1.0315903686830552e-09,5.491072577703355e-05,crf2o,DeuParl (de)
40,d$_{head-final}$,1,1.4985790386390365e-12,0.0,crf2o,DeuParl (de)
40,#Crossings,2,0.0450169262531066,0.0,crf2o,DeuParl (de)
40,Height$_{dependency}$,1,1.6452111416542792e-05,0.00067521944632,crf2o,DeuParl (de)
40,d$_{root}$,0,0.4567909795277076,0.0,crf2o,DeuParl (de)
40,d$_{randomTree}$,0,0.7947608345929646,0.0,crf2o,DeuParl (de)
50,mDD,0,0.1616200395725999,1.84263865855905e-05,crf2o,DeuParl (de)
50,nDD,0,0.7536972360025476,2.7920895201012205e-06,crf2o,DeuParl (de)
50,Height,1,0.0002881942561951,0.0,crf2o,DeuParl (de)
50,Ratio$_{head-final}$,2,2.220446049250313e-16,-9.69447562222326e-06,crf2o,DeuParl (de)
50,treeDegree,2,2.845057522904426e-12,0.0,crf2o,DeuParl (de)
50,#Leaves,2,1.645350522494482e-13,0.0,crf2o,DeuParl (de)
50,degreeVar,2,2.0043966486582576e-12,-6.085434070282618e-05,crf2o,DeuParl (de)
50,degreeMean,2,3.5189848559546988e-06,0.0,crf2o,DeuParl (de)
50,depthVar,1,0.0023002617741443,5.468376217481003e-05,crf2o,DeuParl (de)
50,depthMean,1,3.0935087446559706e-05,4.1061183299827816e-05,crf2o,DeuParl (de)
50,d$_{head-final}$,1,7.539036062098603e-11,0.0,crf2o,DeuParl (de)
50,#Crossings,0,0.8835964868872728,0.0,crf2o,DeuParl (de)
50,Height$_{dependency}$,1,0.0060678403695897,0.0004750593824228,crf2o,DeuParl (de)
50,d$_{root}$,0,0.3029592154337597,0.0,crf2o,DeuParl (de)
50,d$_{randomTree}$,0,0.7215641876696899,0.0,crf2o,DeuParl (de)
60,mDD,0,0.197114245113898,1.7279334140076012e-05,crf2o,DeuParl (de)
60,nDD,0,0.4919103382875973,-6.528734790498143e-06,crf2o,DeuParl (de)
60,Height,1,0.0001628145693153,0.0,crf2o,DeuParl (de)
60,Ratio$_{head-final}$,2,0.0,-1.2008751728754712e-05,crf2o,DeuParl (de)
60,treeDegree,2,1.6431300764452317e-14,0.0,crf2o,DeuParl (de)
60,#Leaves,2,0.0,0.0,crf2o,DeuParl (de)
60,degreeVar,2,0.0,-8.119442530575491e-05,crf2o,DeuParl (de)
60,degreeMean,2,1.309344117572664e-07,0.0,crf2o,DeuParl (de)
60,depthVar,1,0.0006431798218589,7.007188274911914e-05,crf2o,DeuParl (de)
60,depthMean,1,3.785228398056617e-06,4.916175505977901e-05,crf2o,DeuParl (de)
60,d$_{head-final}$,1,0.0,0.0005274261603375,crf2o,DeuParl (de)
60,#Crossings,0,0.0655780894251067,0.0,crf2o,DeuParl (de)
60,Height$_{dependency}$,0,0.1074865777492304,0.0,crf2o,DeuParl (de)
60,d$_{root}$,0,0.7273960136384354,0.0,crf2o,DeuParl (de)
60,d$_{randomTree}$,0,0.3267382983468141,0.0,crf2o,DeuParl (de)
70,mDD,0,0.1084142127808169,2.185525981025342e-05,crf2o,DeuParl (de)
70,nDD,0,0.2944640439162898,-1.0443845977016184e-05,crf2o,DeuParl (de)
70,Height,1,4.7826053437560745e-06,0.0,crf2o,DeuParl (de)
70,Ratio$_{head-final}$,2,0.0,-1.266422921025912e-05,crf2o,DeuParl (de)
70,treeDegree,2,8.948330965097284e-11,0.0,crf2o,DeuParl (de)
70,#Leaves,2,0.0,-0.0003692762186115,crf2o,DeuParl (de)
70,degreeVar,2,0.0,-7.078472138796724e-05,crf2o,DeuParl (de)
70,degreeMean,2,9.04717856187176e-10,0.0,crf2o,DeuParl (de)
70,depthVar,1,3.092263828907704e-05,9.433949084428334e-05,crf2o,DeuParl (de)
70,depthMean,1,1.0078766710108764e-09,6.961932806135354e-05,crf2o,DeuParl (de)
70,d$_{head-final}$,1,0.0,0.0007099751508697,crf2o,DeuParl (de)
70,#Crossings,0,0.9455705511000836,0.0,crf2o,DeuParl (de)
70,Height$_{dependency}$,0,0.0598502984047473,0.000362056480811,crf2o,DeuParl (de)
70,d$_{root}$,0,0.493720990075793,0.0,crf2o,DeuParl (de)
70,d$_{randomTree}$,0,0.5447300593497946,0.0,crf2o,DeuParl (de)
